{
"lengthUnit": "mil",
"components": {
	"fields": ["COMPONENT_NO", "COMPONENT_NAME", "LAYER", "X_COORDINATE", "Y_COORDINATE", "ANGLE"],
	"rows": [
		[1, "C1", "T", 1551.18, 964.57, 0],
		[2, "C2", "T", 1151.68, 669.84, 270],
		[3, "C3", "T", 1216.87, 669.84, 270],
		[4, "C4", "T", 1153.54, 790.51, 90],
		[5, "C5", "T", 929.14, 740.16, 0],
		[6, "C6", "T", 929.14, 673.23, 0],
		[7, "C7", "T", 1377.95, 618.11, 0],
		[8, "C8", "T", 1673.23, 551.18, 180],
		[9, "C9", "T", 67.24, 506.12, 0],
		[10, "C10", "T", 67.24, 440, 0],
		[11, "C11", "T", 187.44, 505, 180],
		[12, "C12", "T", 180.31, 1537.79, 180],
		[13, "C13", "T", 885.83, 1248.03, 0],
		[14, "C14", "T", 1501.48, 1065.48, 270],
		[15, "C15", "T", 1435.36, 1065.46, 270],
		[16, "C16", "T", 1438.06, 1203.84, 90],
		[17, "C17", "T", 1255.91, 1200.7, 90],
		[18, "CN1", "T", 1640.91, 1665.05, 180],
		[19, "CN2", "T", 1640.91, 147.95, 0],
		[20, "CN3", "T", 1119.1, 147.95, 0],
		[21, "D1", "T", 1716.54, 917.32, 0],
		[22, "F1", "T", 1279.53, 670.14, 90],
		[23, "FPC1", "T", 548.07, 152.87, 0],
		[24, "HDR1", "T", 808.98, 1633.9, 0],
		[25, "L1", "T", 940.95, 555.12, 180],
		[26, "LED1", "T", 157.49, 346.48, 90],
		[27, "LED2", "T", 1795.56, 690.13, 0],
		[28, "M1", "T", 118.11, 118.11, 0],
		[29, "M2", "T", 2021.66, 118.11, 0],
		[30, "M3", "T", 118.11, 1692.91, 0],
		[31, "M4", "T", 2021.66, 1692.91, 0],
		[32, "Q1", "T", 1535.43, 866.14, 0],
		[33, "Q4", "T", 1131.49, 1283.86, 180],
		[34, "Q5", "T", 874.8, 1346.45, 0],
		[35, "R1", "T", 1958.53, 909.45, 0],
		[36, "R2", "T", 1942.78, 1389.76, 180],
		[37, "R3", "T", 1793.18, 811.02, 0],
		[38, "R4", "T", 1675.33, 846.46, 0],
		[39, "R5", "T", 1938.85, 421.26, 0],
		[40, "R6", "T", 2073.59, 909.45, 0],
		[41, "R7", "T", 928.83, 807.09, 0],
		[42, "R8", "T", 1057.09, 797.24, 180],
		[43, "R9", "T", 1216.98, 790.2, 90],
		[44, "R10", "T", 66.94, 318.9, 0],
		[45, "R11", "T", 1279.53, 790.2, 90],
		[46, "R12", "T", 1793.6, 628.81, 0],
		[47, "R13", "T", 1793.6, 751.88, 0],
		[48, "R14", "T", 1379.39, 717.91, 0],
		[49, "R15", "T", 1582.68, 517.58, 90],
		[50, "R16", "T", 1675.07, 488.19, 180],
		[51, "R17", "T", 66.94, 378.04, 0],
		[52, "R18", "T", 187.75, 440.11, 0],
		[53, "R19", "T", 702.76, 451.84, 0],
		[54, "R20", "T", 702.76, 509.85, 0],
		[55, "R21", "T", 1006.04, 1255.91, 180],
		[56, "R22", "T", 893.7, 885.83, 180],
		[57, "R23", "T", 1009.71, 885.83, 0],
		[58, "R24", "T", 252.89, 1440.15, 180],
		[59, "R25", "T", 1005.77, 1311.02, 0],
		[60, "R26", "T", 62.77, 1535.04, 0],
		[61, "R27", "T", 342.13, 1409.45, 90],
		[62, "R28", "T", 253.94, 1380.31, 0],
		[63, "R29", "T", 1437.95, 934.91, 90],
		[64, "R30", "T", 1379.94, 934.91, 90],
		[65, "R31", "T", 1263.9, 934.91, 90],
		[66, "R32", "T", 1321.92, 934.91, 90],
		[67, "R33", "T", 1500, 1198.69, 270],
		[68, "R34", "T", 1317.87, 1202.89, 90],
		[69, "R35", "T", 1375.88, 1202.89, 90],
		[70, "R36", "T", 564.58, 337.12, 90],
		[71, "R37", "T", 622.59, 337.12, 90],
		[72, "R38", "T", 421.34, 508.95, 180],
		[73, "R39", "T", 1507.87, 220.08, 180],
		[74, "R40", "T", 574.97, 510, 180],
		[75, "SW1", "T", 1688.98, 1144.71, 270],
		[76, "SW2", "T", 2070.44, 1465.91, 270],
		[77, "SW3", "T", 2070.44, 356.06, 270],
		[78, "U1", "T", 1991.93, 1144.16, 90],
		[79, "U2", "T", 1991.93, 677.82, 90],
		[80, "U3", "T", 1047.24, 712.6, 0],
		[81, "U4", "T", 1586.61, 692.91, 270],
		[82, "U5", "T", 1795.56, 567.06, 0],
		[83, "U6", "T", 1375, 459.13, 180],
		[84, "U7", "T", 410, 954.27, 90],
		[85, "U8", "T", 1023.62, 1066.93, 0],
		[86, "U9", "T", 96.85, 1425.98, 90],
		[87, "U10", "T", 1329.13, 1073.23, 0],
		[88, "U11", "T", 1340, 1355, 180]
	]
},
"pins": {
	"fields": ["PIN_NO", "PIN_NAME", "PIN_X", "PIN_Y", "LAYER", "PIN_TYPE", "NET_NAME", "NET_TYPE", "PAD_SHAPE", "PAD_SIZEX", "PAD_SIZEY", "HOLE_SIZE", "PAD_ANGLE"],
	"rows": [
		[1, "C1_1", 1523.62, 964.57, "T", "SMD", "GND", "GND", "R", 31.5, 35.43, 0, 0],
		[2, "C1_2", 1578.74, 964.57, "T", "SMD", "AUX_VCC", "", "R", 31.5, 35.43, 0, 0],
		[3, "C2_1", 1151.68, 697.4, "T", "SMD", "GND", "GND", "R", 31.5, 35.43, 0, 270],
		[4, "C2_2", 1151.68, 642.28, "T", "SMD", "$1N6057", "", "R", 31.5, 35.43, 0, 270],
		[5, "C3_1", 1216.87, 697.4, "T", "SMD", "GND", "GND", "R", 31.5, 35.43, 0, 270],
		[6, "C3_2", 1216.87, 642.28, "T", "SMD", "$1N6057", "", "R", 31.5, 35.43, 0, 270],
		[7, "C4_1", 1153.54, 762.95, "T", "SMD", "$1N6055", "", "R", 31.5, 35.43, 0, 90],
		[8, "C4_2", 1153.54, 818.07, "T", "SMD", "$1N6052", "", "R", 31.5, 35.43, 0, 90],
		[9, "C5_1", 901.58, 740.16, "T", "SMD", "$1N6052", "", "R", 31.5, 35.43, 0, 0],
		[10, "C5_2", 956.7, 740.16, "T", "SMD", "GND", "GND", "R", 31.5, 35.43, 0, 0],
		[11, "C6_1", 901.58, 673.23, "T", "SMD", "$1N6052", "", "R", 31.5, 35.43, 0, 0],
		[12, "C6_2", 956.7, 673.23, "T", "SMD", "GND", "GND", "R", 31.5, 35.43, 0, 0],
		[13, "C7_1", 1350.39, 618.11, "T", "SMD", "GND", "GND", "R", 31.5, 35.43, 0, 0],
		[14, "C7_2", 1405.51, 618.11, "T", "SMD", "USB_5V", "", "R", 31.5, 35.43, 0, 0],
		[15, "C8_1", 1700.79, 551.18, "T", "SMD", "GND", "GND", "R", 31.5, 35.43, 0, 180],
		[16, "C8_2", 1645.67, 551.18, "T", "SMD", "VBAT", "", "R", 31.5, 35.43, 0, 180],
		[17, "C9_1", 39.68, 506.12, "T", "SMD", "GND", "GND", "R", 31.5, 35.43, 0, 0],
		[18, "C9_2", 94.8, 506.12, "T", "SMD", "$2N631", "", "R", 31.5, 35.43, 0, 0],
		[19, "C10_1", 39.68, 440, "T", "SMD", "GND", "GND", "R", 31.5, 35.43, 0, 0],
		[20, "C10_2", 94.8, 440, "T", "SMD", "$2N631", "", "R", 31.5, 35.43, 0, 0],
		[21, "C11_1", 215, 505, "T", "SMD", "GND", "GND", "R", 31.5, 35.43, 0, 180],
		[22, "C11_2", 159.88, 505, "T", "SMD", "EN_RST", "", "R", 31.5, 35.43, 0, 180],
		[23, "C12_1", 207.87, 1537.79, "T", "SMD", "VCC_3V3", "", "R", 31.5, 35.43, 0, 180],
		[24, "C12_2", 152.75, 1537.79, "T", "SMD", "GND", "GND", "R", 31.5, 35.43, 0, 180],
		[25, "C13_1", 858.27, 1248.03, "T", "SMD", "VCC_3V3", "", "R", 31.5, 35.43, 0, 0],
		[26, "C13_2", 913.39, 1248.03, "T", "SMD", "GND", "GND", "R", 31.5, 35.43, 0, 0],
		[27, "C14_1", 1501.48, 1093.04, "T", "SMD", "MAX_3V3", "", "R", 31.5, 35.43, 0, 270],
		[28, "C14_2", 1501.48, 1037.92, "T", "SMD", "GND", "GND", "R", 31.5, 35.43, 0, 270],
		[29, "C15_1", 1435.36, 1093.02, "T", "SMD", "MAX_3V3", "", "R", 31.5, 35.43, 0, 270],
		[30, "C15_2", 1435.36, 1037.9, "T", "SMD", "GND", "GND", "R", 31.5, 35.43, 0, 270],
		[31, "C16_1", 1438.06, 1176.28, "T", "SMD", "GND", "GND", "R", 31.5, 35.43, 0, 90],
		[32, "C16_2", 1438.06, 1231.4, "T", "SMD", "$3N2293", "", "R", 31.5, 35.43, 0, 90],
		[33, "C17_1", 1255.91, 1173.13, "T", "SMD", "GND", "GND", "R", 31.5, 35.43, 0, 90],
		[34, "C17_2", 1255.91, 1228.26, "T", "SMD", "$3N2292", "", "R", 31.5, 35.43, 0, 90],
		[35, "CN1_1", 1690.12, 1613.86, "T", "SMD", "VCC_3V3", "", "O", 31.5, 86.61, 0, 180],
		[36, "CN1_2", 1640.91, 1613.86, "T", "SMD", "GND", "GND", "O", 31.5, 86.61, 0, 180],
		[37, "CN1_3", 1591.7, 1613.86, "T", "SMD", "$4N967", "", "O", 31.5, 86.61, 0, 180],
		[38, "CN1_4", 1783.82, 1716.23, "T", "SMD", "GND", "GND", "O", 92.52, 98.42, 0, 180],
		[39, "CN1_5", 1498, 1716.23, "T", "SMD", "GND", "GND", "O", 92.52, 98.42, 0, 180],
		[40, "CN2_1", 1591.7, 199.14, "T", "SMD", "VCC_3V3", "", "O", 31.5, 86.61, 0, 0],
		[41, "CN2_2", 1640.91, 199.14, "T", "SMD", "GND", "GND", "O", 31.5, 86.61, 0, 0],
		[42, "CN2_3", 1690.12, 199.14, "T", "SMD", "$4N1500", "", "O", 31.5, 86.61, 0, 0],
		[43, "CN2_4", 1498, 96.77, "T", "SMD", "GND", "GND", "O", 92.52, 98.42, 0, 0],
		[44, "CN2_5", 1783.82, 96.77, "T", "SMD", "GND", "GND", "O", 92.52, 98.42, 0, 0],
		[45, "CN3_1", 1069.89, 199.14, "T", "SMD", "VCC_3V3", "", "O", 31.5, 86.61, 0, 0],
		[46, "CN3_2", 1119.1, 199.14, "T", "SMD", "GND", "GND", "O", 31.5, 86.61, 0, 0],
		[47, "CN3_3", 1168.31, 199.14, "T", "SMD", "$4N844", "", "O", 31.5, 86.61, 0, 0],
		[48, "CN3_4", 976.19, 96.77, "T", "SMD", "GND", "GND", "O", 92.52, 98.42, 0, 0],
		[49, "CN3_5", 1262.01, 96.77, "T", "SMD", "GND", "GND", "O", 92.52, 98.42, 0, 0],
		[50, "D1_1", 1649.61, 917.32, "T", "SMD", "AUX_VCC", "", "O", 47.24, 37.4, 0, 0],
		[51, "D1_2", 1783.47, 917.32, "T", "SMD", "USB_5V", "", "O", 47.24, 37.4, 0, 0],
		[52, "F1_1", 1279.53, 640.48, "T", "SMD", "$1N6057", "", "R", 31.75, 34.02, 0, 90],
		[53, "F1_2", 1279.53, 699.8, "T", "SMD", "VCC_BOARD", "", "R", 31.75, 34.02, 0, 90],
		[54, "FPC1_1", 474.25, 202.73, "T", "SMD", "VCC_3V3", "", "O", 31.5, 70.87, 0, 0],
		[55, "FPC1_2", 523.47, 202.73, "T", "SMD", "GND", "GND", "O", 31.5, 70.87, 0, 0],
		[56, "FPC1_3", 572.68, 202.73, "T", "SMD", "ASR_PB6", "", "O", 31.5, 70.87, 0, 0],
		[57, "FPC1_4", 621.89, 202.73, "T", "SMD", "ASR_PB5", "", "O", 31.5, 70.87, 0, 0],
		[58, "FPC1_5", 373.86, 103.02, "T", "SMD", "GND", "GND", "O", 70.87, 122.05, 0, 0],
		[59, "FPC1_6", 722.29, 103.02, "T", "SMD", "GND", "GND", "O", 70.87, 122.05, 0, 0],
		[60, "HDR1_1", 358.98, 1523.67, "T", "SMD", "USB_5V", "", "O", 50, 110.24, 0, 0],
		[61, "HDR1_2", 358.98, 1744.14, "T", "SMD", "VCC_3V3", "", "O", 50, 110.24, 0, 0],
		[62, "HDR1_3", 458.98, 1523.67, "T", "SMD", "GND", "GND", "O", 50, 110.24, 0, 0],
		[63, "HDR1_4", 458.98, 1744.14, "T", "SMD", "GND", "GND", "O", 50, 110.24, 0, 0],
		[64, "HDR1_5", 558.98, 1523.67, "T", "SMD", "IO3_EXD", "", "O", 50, 110.24, 0, 0],
		[65, "HDR1_6", 558.98, 1744.14, "T", "SMD", "IO1_EXD", "", "O", 50, 110.24, 0, 0],
		[66, "HDR1_7", 658.98, 1523.67, "T", "SMD", "IO46_EXD", "", "O", 50, 110.24, 0, 0],
		[67, "HDR1_8", 658.98, 1744.14, "T", "SMD", "IO2_EXD", "", "O", 50, 110.24, 0, 0],
		[68, "HDR1_9", 758.98, 1523.67, "T", "SMD", "IO9_EXD", "", "O", 50, 110.24, 0, 0],
		[69, "HDR1_10", 758.98, 1744.14, "T", "SMD", "IO42_EXD", "", "O", 50, 110.24, 0, 0],
		[70, "HDR1_11", 858.98, 1523.67, "T", "SMD", "IO21_EXD", "", "O", 50, 110.24, 0, 0],
		[71, "HDR1_12", 858.98, 1744.14, "T", "SMD", "IO41_EXD", "", "O", 50, 110.24, 0, 0],
		[72, "HDR1_13", 958.98, 1523.67, "T", "SMD", "IO14_EXD", "", "O", 50, 110.24, 0, 0],
		[73, "HDR1_14", 958.98, 1744.14, "T", "SMD", "IO40_EXD", "", "O", 50, 110.24, 0, 0],
		[74, "HDR1_15", 1058.98, 1523.67, "T", "SMD", "IO13_EXD", "", "O", 50, 110.24, 0, 0],
		[75, "HDR1_16", 1058.98, 1744.14, "T", "SMD", "IO39_EXD", "", "O", 50, 110.24, 0, 0],
		[76, "HDR1_17", 1158.98, 1523.67, "T", "SMD", "IO47_EXD", "", "O", 50, 110.24, 0, 0],
		[77, "HDR1_18", 1158.98, 1744.14, "T", "SMD", "IO38_EXD", "", "O", 50, 110.24, 0, 0],
		[78, "HDR1_19", 1258.98, 1523.67, "T", "SMD", "IO48_EXD", "", "O", 50, 110.24, 0, 0],
		[79, "HDR1_20", 1258.98, 1744.14, "T", "SMD", "IO45_EXD", "", "O", 50, 110.24, 0, 0],
		[80, "L1_1", 1003.94, 555.12, "T", "SMD", "$1N6054", "", "O", 62.99, 137.79, 0, 180],
		[81, "L1_2", 877.96, 555.12, "T", "SMD", "$1N6052", "", "O", 62.99, 137.79, 0, 180],
		[82, "LED1_1", 157.49, 315, "T", "SMD", "GND", "GND", "R", 31.5, 31.5, 0, 180],
		[83, "LED1_2", 157.48, 377.95, "T", "SMD", "$1N5555", "", "R", 31.5, 31.5, 0, 180],
		[84, "LED2_1", 1764.08, 690.13, "T", "SMD", "BAT_CHRG", "", "R", 31.5, 31.5, 0, 90],
		[85, "LED2_2", 1827.03, 690.14, "T", "SMD", "$1N8207", "", "R", 31.5, 31.5, 0, 90],
		[86, "M1_1", 188.69, 158.86, "T", "DIP", "M1_1", "", "C", 30, 30, 30, 0],
		[87, "M1_1", 188.69, 158.86, "B", "DIP", "M1_1", "", "C", 30, 30, 30, 0],
		[88, "M1_2", 118.11, 199.61, "T", "DIP", "M1_2", "", "C", 30, 30, 30, 0],
		[89, "M1_2", 118.11, 199.61, "B", "DIP", "M1_2", "", "C", 30, 30, 30, 0],
		[90, "M1_3", 118.11, 118.11, "T", "SMD", "M1_3", "", "C", 200, 200, 0, 0],
		[91, "M1_4", 118.11, 118.11, "B", "SMD", "M1_4", "", "C", 196.85, 196.85, 0, 0],
		[92, "M1_5", 47.53, 158.86, "T", "DIP", "M1_5", "", "C", 30, 30, 30, 0],
		[93, "M1_5", 47.53, 158.86, "B", "DIP", "M1_5", "", "C", 30, 30, 30, 0],
		[94, "M1_6", 47.53, 77.36, "T", "DIP", "M1_6", "", "C", 30, 30, 30, 0],
		[95, "M1_6", 47.53, 77.36, "B", "DIP", "M1_6", "", "C", 30, 30, 30, 0],
		[96, "M1_7", 118.11, 118.11, "T", "DIP", "M1_7", "", "C", 125.98, 125.98, 118.11, 0],
		[97, "M1_7", 118.11, 118.11, "B", "DIP", "M1_7", "", "C", 125.98, 125.98, 118.11, 0],
		[98, "M1_8", 118.11, 36.61, "T", "DIP", "M1_8", "", "C", 30, 30, 30, 0],
		[99, "M1_8", 118.11, 36.61, "B", "DIP", "M1_8", "", "C", 30, 30, 30, 0],
		[100, "M1_9", 188.69, 77.36, "T", "DIP", "M1_9", "", "C", 30, 30, 30, 0],
		[101, "M1_9", 188.69, 77.36, "B", "DIP", "M1_9", "", "C", 30, 30, 30, 0],
		[102, "M2_1", 2092.24, 158.86, "T", "DIP", "M2_1", "", "C", 30, 30, 30, 0],
		[103, "M2_1", 2092.24, 158.86, "B", "DIP", "M2_1", "", "C", 30, 30, 30, 0],
		[104, "M2_2", 2021.66, 199.61, "T", "DIP", "M2_2", "", "C", 30, 30, 30, 0],
		[105, "M2_2", 2021.66, 199.61, "B", "DIP", "M2_2", "", "C", 30, 30, 30, 0],
		[106, "M2_3", 2021.66, 118.11, "T", "SMD", "M2_3", "", "C", 200, 200, 0, 0],
		[107, "M2_4", 2021.66, 118.11, "B", "SMD", "M2_4", "", "C", 196.85, 196.85, 0, 0],
		[108, "M2_5", 1951.08, 158.86, "T", "DIP", "M2_5", "", "C", 30, 30, 30, 0],
		[109, "M2_5", 1951.08, 158.86, "B", "DIP", "M2_5", "", "C", 30, 30, 30, 0],
		[110, "M2_6", 1951.08, 77.36, "T", "DIP", "M2_6", "", "C", 30, 30, 30, 0],
		[111, "M2_6", 1951.08, 77.36, "B", "DIP", "M2_6", "", "C", 30, 30, 30, 0],
		[112, "M2_7", 2021.66, 118.11, "T", "DIP", "M2_7", "", "C", 125.98, 125.98, 118.11, 0],
		[113, "M2_7", 2021.66, 118.11, "B", "DIP", "M2_7", "", "C", 125.98, 125.98, 118.11, 0],
		[114, "M2_8", 2021.66, 36.61, "T", "DIP", "M2_8", "", "C", 30, 30, 30, 0],
		[115, "M2_8", 2021.66, 36.61, "B", "DIP", "M2_8", "", "C", 30, 30, 30, 0],
		[116, "M2_9", 2092.24, 77.36, "T", "DIP", "M2_9", "", "C", 30, 30, 30, 0],
		[117, "M2_9", 2092.24, 77.36, "B", "DIP", "M2_9", "", "C", 30, 30, 30, 0],
		[118, "M3_1", 188.69, 1733.66, "T", "DIP", "M3_1", "", "C", 30, 30, 30, 0],
		[119, "M3_1", 188.69, 1733.66, "B", "DIP", "M3_1", "", "C", 30, 30, 30, 0],
		[120, "M3_2", 118.11, 1774.41, "T", "DIP", "M3_2", "", "C", 30, 30, 30, 0],
		[121, "M3_2", 118.11, 1774.41, "B", "DIP", "M3_2", "", "C", 30, 30, 30, 0],
		[122, "M3_3", 118.11, 1692.91, "T", "SMD", "M3_3", "", "C", 200, 200, 0, 0],
		[123, "M3_4", 118.11, 1692.91, "B", "SMD", "M3_4", "", "C", 196.85, 196.85, 0, 0],
		[124, "M3_5", 47.53, 1733.66, "T", "DIP", "M3_5", "", "C", 30, 30, 30, 0],
		[125, "M3_5", 47.53, 1733.66, "B", "DIP", "M3_5", "", "C", 30, 30, 30, 0],
		[126, "M3_6", 47.53, 1652.16, "T", "DIP", "M3_6", "", "C", 30, 30, 30, 0],
		[127, "M3_6", 47.53, 1652.16, "B", "DIP", "M3_6", "", "C", 30, 30, 30, 0],
		[128, "M3_7", 118.11, 1692.91, "T", "DIP", "M3_7", "", "C", 125.98, 125.98, 118.11, 0],
		[129, "M3_7", 118.11, 1692.91, "B", "DIP", "M3_7", "", "C", 125.98, 125.98, 118.11, 0],
		[130, "M3_8", 118.11, 1611.41, "T", "DIP", "M3_8", "", "C", 30, 30, 30, 0],
		[131, "M3_8", 118.11, 1611.41, "B", "DIP", "M3_8", "", "C", 30, 30, 30, 0],
		[132, "M3_9", 188.69, 1652.16, "T", "DIP", "M3_9", "", "C", 30, 30, 30, 0],
		[133, "M3_9", 188.69, 1652.16, "B", "DIP", "M3_9", "", "C", 30, 30, 30, 0],
		[134, "M4_1", 2092.24, 1733.66, "T", "DIP", "M4_1", "", "C", 30, 30, 30, 0],
		[135, "M4_1", 2092.24, 1733.66, "B", "DIP", "M4_1", "", "C", 30, 30, 30, 0],
		[136, "M4_2", 2021.66, 1774.41, "T", "DIP", "M4_2", "", "C", 30, 30, 30, 0],
		[137, "M4_2", 2021.66, 1774.41, "B", "DIP", "M4_2", "", "C", 30, 30, 30, 0],
		[138, "M4_3", 2021.66, 1692.91, "T", "SMD", "M4_3", "", "C", 200, 200, 0, 0],
		[139, "M4_4", 2021.66, 1692.91, "B", "SMD", "M4_4", "", "C", 196.85, 196.85, 0, 0],
		[140, "M4_5", 1951.08, 1733.66, "T", "DIP", "M4_5", "", "C", 30, 30, 30, 0],
		[141, "M4_5", 1951.08, 1733.66, "B", "DIP", "M4_5", "", "C", 30, 30, 30, 0],
		[142, "M4_6", 1951.08, 1652.16, "T", "DIP", "M4_6", "", "C", 30, 30, 30, 0],
		[143, "M4_6", 1951.08, 1652.16, "B", "DIP", "M4_6", "", "C", 30, 30, 30, 0],
		[144, "M4_7", 2021.66, 1692.91, "T", "DIP", "M4_7", "", "C", 125.98, 125.98, 118.11, 0],
		[145, "M4_7", 2021.66, 1692.91, "B", "DIP", "M4_7", "", "C", 125.98, 125.98, 118.11, 0],
		[146, "M4_8", 2021.66, 1611.41, "T", "DIP", "M4_8", "", "C", 30, 30, 30, 0],
		[147, "M4_8", 2021.66, 1611.41, "B", "DIP", "M4_8", "", "C", 30, 30, 30, 0],
		[148, "M4_9", 2092.24, 1652.16, "T", "DIP", "M4_9", "", "C", 30, 30, 30, 0],
		[149, "M4_9", 2092.24, 1652.16, "B", "DIP", "M4_9", "", "C", 30, 30, 30, 0],
		[150, "Q1_1", 1580.71, 828.74, "T", "SMD", "$1N5072", "", "O", 39.37, 31.5, 0, 180],
		[151, "Q1_2", 1580.71, 903.54, "T", "SMD", "AUX_VCC", "", "O", 39.37, 31.5, 0, 180],
		[152, "Q1_3", 1490.16, 866.14, "T", "SMD", "VBAT", "", "O", 39.37, 31.5, 0, 180],
		[153, "Q4_1", 1092.12, 1321.26, "T", "SMD", "$3N12428", "", "O", 49.21, 27.56, 0, 180],
		[154, "Q4_2", 1092.12, 1246.46, "T", "SMD", "DTR", "", "O", 49.21, 27.56, 0, 180],
		[155, "Q4_3", 1170.86, 1283.86, "T", "SMD", "IO0_BOOT", "", "O", 49.21, 27.56, 0, 180],
		[156, "Q5_1", 914.17, 1309.05, "T", "SMD", "$3N12472", "", "O", 49.21, 27.56, 0, 0],
		[157, "Q5_2", 914.17, 1383.85, "T", "SMD", "RTS", "", "O", 49.21, 27.56, 0, 0],
		[158, "Q5_3", 835.43, 1346.45, "T", "SMD", "EN_RST", "", "O", 49.21, 27.56, 0, 0],
		[159, "R1_1", 1928.87, 909.45, "T", "SMD", "GND", "GND", "R", 31.75, 34.02, 0, 0],
		[160, "R1_2", 1988.19, 909.45, "T", "SMD", "$1N4709", "", "R", 31.75, 34.02, 0, 0],
		[161, "R2_1", 1972.44, 1389.76, "T", "SMD", "$1N4722", "", "R", 31.75, 34.02, 0, 180],
		[162, "R2_2", 1913.12, 1389.76, "T", "SMD", "GND", "GND", "R", 31.75, 34.02, 0, 180],
		[163, "R3_1", 1763.52, 811.02, "T", "SMD", "$1N5072", "", "R", 31.75, 34.02, 0, 0],
		[164, "R3_2", 1822.84, 811.02, "T", "SMD", "USB_5V", "", "R", 31.75, 34.02, 0, 0],
		[165, "R4_1", 1645.67, 846.46, "T", "SMD", "GND", "GND", "R", 31.75, 34.02, 0, 0],
		[166, "R4_2", 1704.99, 846.46, "T", "SMD", "USB_5V", "", "R", 31.75, 34.02, 0, 0],
		[167, "R5_1", 1909.18, 421.26, "T", "SMD", "GND", "GND", "R", 31.75, 34.02, 0, 0],
		[168, "R5_2", 1968.51, 421.26, "T", "SMD", "$1N11663", "", "R", 31.75, 34.02, 0, 0],
		[169, "R6_1", 2043.93, 909.45, "T", "SMD", "$1N11656", "", "R", 31.75, 34.02, 0, 0],
		[170, "R6_2", 2103.25, 909.45, "T", "SMD", "GND", "GND", "R", 31.75, 34.02, 0, 0],
		[171, "R7_1", 899.17, 807.09, "T", "SMD", "$1N6052", "", "R", 31.75, 34.02, 0, 0],
		[172, "R7_2", 958.49, 807.09, "T", "SMD", "VCC_3V3", "", "R", 31.75, 34.02, 0, 0],
		[173, "R8_1", 1086.75, 797.24, "T", "SMD", "$1N6057", "", "R", 31.75, 34.02, 0, 180],
		[174, "R8_2", 1027.43, 797.24, "T", "SMD", "$1N6058", "", "R", 31.75, 34.02, 0, 180],
		[175, "R9_1", 1216.98, 760.54, "T", "SMD", "$1N6055", "", "R", 31.75, 34.02, 0, 90],
		[176, "R9_2", 1216.98, 819.86, "T", "SMD", "$1N6052", "", "R", 31.75, 34.02, 0, 90],
		[177, "R10_1", 37.28, 318.9, "T", "SMD", "VCC_3V3", "", "R", 31.75, 34.02, 0, 0],
		[178, "R10_2", 96.6, 318.9, "T", "SMD", "$1N5555", "", "R", 31.75, 34.02, 0, 0],
		[179, "R11_1", 1279.53, 760.54, "T", "SMD", "GND", "GND", "R", 31.75, 34.02, 0, 90],
		[180, "R11_2", 1279.53, 819.86, "T", "SMD", "$1N6055", "", "R", 31.75, 34.02, 0, 90],
		[181, "R12_1", 1763.94, 628.81, "T", "SMD", "USB_5V", "", "R", 31.75, 34.02, 0, 0],
		[182, "R12_2", 1823.26, 628.81, "T", "SMD", "$1N8206", "", "R", 31.75, 34.02, 0, 0],
		[183, "R13_1", 1763.94, 751.88, "T", "SMD", "USB_5V", "", "R", 31.75, 34.02, 0, 0],
		[184, "R13_2", 1823.26, 751.88, "T", "SMD", "$1N8207", "", "R", 31.75, 34.02, 0, 0],
		[185, "R14_1", 1349.73, 717.91, "T", "SMD", "GND", "GND", "R", 31.75, 34.02, 0, 0],
		[186, "R14_2", 1409.05, 717.91, "T", "SMD", "$1N8211", "", "R", 31.75, 34.02, 0, 0],
		[187, "R15_1", 1582.68, 487.92, "T", "SMD", "IO8_BAT_ADC", "", "R", 31.75, 34.02, 0, 90],
		[188, "R15_2", 1582.68, 547.24, "T", "SMD", "VBAT", "", "R", 31.75, 34.02, 0, 90],
		[189, "R16_1", 1704.73, 488.19, "T", "SMD", "GND", "GND", "R", 31.75, 34.02, 0, 180],
		[190, "R16_2", 1645.41, 488.19, "T", "SMD", "IO8_BAT_ADC", "", "R", 31.75, 34.02, 0, 180],
		[191, "R17_1", 37.28, 378.04, "T", "SMD", "VCC_3V3", "", "R", 31.75, 34.02, 0, 0],
		[192, "R17_2", 96.6, 378.04, "T", "SMD", "$2N631", "", "R", 31.75, 34.02, 0, 0],
		[193, "R18_1", 158.09, 440.11, "T", "SMD", "EN_RST", "", "R", 31.75, 34.02, 0, 0],
		[194, "R18_2", 217.41, 440.11, "T", "SMD", "$2N631", "", "R", 31.75, 34.02, 0, 0],
		[195, "R19_1", 673.1, 451.84, "T", "SMD", "$2N769", "", "R", 31.75, 34.02, 0, 0],
		[196, "R19_2", 732.42, 451.84, "T", "SMD", "IO19_USB_D-", "", "R", 31.75, 34.02, 0, 0],
		[197, "R20_1", 673.1, 509.85, "T", "SMD", "$2N764", "", "R", 31.75, 34.02, 0, 0],
		[198, "R20_2", 732.42, 509.85, "T", "SMD", "IO20_USB_D+", "", "R", 31.75, 34.02, 0, 0],
		[199, "R21_1", 1035.7, 1255.91, "T", "SMD", "$3N12428", "", "R", 31.75, 34.02, 0, 180],
		[200, "R21_2", 976.38, 1255.91, "T", "SMD", "RTS", "", "R", 31.75, 34.02, 0, 180],
		[201, "R22_1", 923.36, 885.83, "T", "SMD", "$3N640", "", "R", 31.75, 34.02, 0, 180],
		[202, "R22_2", 864.04, 885.83, "T", "SMD", "IO44_RX", "", "R", 31.75, 34.02, 0, 180],
		[203, "R23_1", 980.05, 885.83, "T", "SMD", "$3N641", "", "R", 31.75, 34.02, 0, 0],
		[204, "R23_2", 1039.37, 885.83, "T", "SMD", "IO43_TX", "", "R", 31.75, 34.02, 0, 0],
		[205, "R24_1", 282.55, 1440.15, "T", "SMD", "GND", "GND", "R", 31.75, 34.02, 0, 180],
		[206, "R24_2", 223.23, 1440.15, "T", "SMD", "IO6_SD", "", "R", 31.75, 34.02, 0, 180],
		[207, "R25_1", 976.11, 1311.02, "T", "SMD", "$3N12472", "", "R", 31.75, 34.02, 0, 0],
		[208, "R25_2", 1035.43, 1311.02, "T", "SMD", "DTR", "", "R", 31.75, 34.02, 0, 0],
		[209, "R26_1", 33.11, 1535.04, "T", "SMD", "$3N9618", "", "R", 31.75, 34.02, 0, 0],
		[210, "R26_2", 92.43, 1535.04, "T", "SMD", "VCC_3V3", "", "R", 31.75, 34.02, 0, 0],
		[211, "R27_1", 342.13, 1379.79, "T", "SMD", "$3N9620", "", "R", 31.75, 34.02, 0, 90],
		[212, "R27_2", 342.13, 1439.11, "T", "SMD", "VCC_3V3", "", "R", 31.75, 34.02, 0, 90],
		[213, "R28_1", 224.28, 1380.31, "T", "SMD", "$3N9620", "", "R", 31.75, 34.02, 0, 0],
		[214, "R28_2", 283.6, 1380.31, "T", "SMD", "GND", "GND", "R", 31.75, 34.02, 0, 0],
		[215, "R29_1", 1437.95, 905.25, "T", "SMD", "GND", "GND", "R", 31.75, 34.02, 0, 90],
		[216, "R29_2", 1437.95, 964.57, "T", "SMD", "SD_MODE", "", "R", 31.75, 34.02, 0, 90],
		[217, "R30_1", 1379.94, 905.25, "T", "SMD", "MAX_3V3", "", "R", 31.75, 34.02, 0, 90],
		[218, "R30_2", 1379.94, 964.57, "T", "SMD", "SD_MODE", "", "R", 31.75, 34.02, 0, 90],
		[219, "R31_1", 1263.9, 905.25, "T", "SMD", "GND", "GND", "R", 31.75, 34.02, 0, 90],
		[220, "R31_2", 1263.9, 964.57, "T", "SMD", "GAIN_CTRL", "", "R", 31.75, 34.02, 0, 90],
		[221, "R32_1", 1321.92, 905.25, "T", "SMD", "MAX_3V3", "", "R", 31.75, 34.02, 0, 90],
		[222, "R32_2", 1321.92, 964.57, "T", "SMD", "GAIN_CTRL", "", "R", 31.75, 34.02, 0, 90],
		[223, "R33_1", 1500, 1228.35, "T", "SMD", "VCC_3V3", "", "R", 31.75, 34.02, 0, 270],
		[224, "R33_2", 1500, 1169.03, "T", "SMD", "MAX_3V3", "", "R", 31.75, 34.02, 0, 270],
		[225, "R34_1", 1317.87, 1173.23, "T", "SMD", "$3N2290", "", "R", 31.75, 34.02, 0, 90],
		[226, "R34_2", 1317.87, 1232.55, "T", "SMD", "$3N2292", "", "R", 31.75, 34.02, 0, 90],
		[227, "R35_1", 1375.88, 1173.23, "T", "SMD", "$3N2291", "", "R", 31.75, 34.02, 0, 90],
		[228, "R35_2", 1375.88, 1232.55, "T", "SMD", "$3N2293", "", "R", 31.75, 34.02, 0, 90],
		[229, "R36_1", 564.58, 307.46, "T", "SMD", "ASR_PB6", "", "R", 31.75, 34.02, 0, 90],
		[230, "R36_2", 564.58, 366.78, "T", "SMD", "IO11_TX_TW", "", "R", 31.75, 34.02, 0, 90],
		[231, "R37_1", 622.59, 307.46, "T", "SMD", "ASR_PB5", "", "R", 31.75, 34.02, 0, 90],
		[232, "R37_2", 622.59, 366.78, "T", "SMD", "IO12_RX_TW", "", "R", 31.75, 34.02, 0, 90],
		[233, "R38_1", 451, 508.95, "T", "SMD", "$4N967", "", "R", 31.75, 34.02, 0, 180],
		[234, "R38_2", 391.68, 508.95, "T", "SMD", "IO7_KNOB", "", "R", 31.75, 34.02, 0, 180],
		[235, "R39_1", 1537.53, 220.08, "T", "SMD", "$4N1500", "", "R", 31.75, 34.02, 0, 180],
		[236, "R39_2", 1478.21, 220.08, "T", "SMD", "IO10_BTN", "", "R", 31.75, 34.02, 0, 180],
		[237, "R40_1", 604.63, 510, "T", "SMD", "$4N844", "", "R", 31.75, 34.02, 0, 180],
		[238, "R40_2", 545.31, 510, "T", "SMD", "IO18_LED", "", "R", 31.75, 34.02, 0, 180],
		[239, "SW1_1", 1801.18, 1243.13, "T", "SMD", "SW1_1", "", "O", 47.24, 78.74, 0, 90],
		[240, "SW1_2", 1801.18, 1144.71, "T", "SMD", "SW1_2", "", "O", 47.24, 78.74, 0, 90],
		[241, "SW1_3", 1801.18, 1046.29, "T", "SMD", "SW1_3", "", "O", 47.24, 78.74, 0, 90],
		[242, "SW1_4", 1576.77, 1243.13, "T", "SMD", "AUX_VCC", "", "O", 47.24, 78.74, 0, 90],
		[243, "SW1_5", 1576.78, 1144.71, "T", "SMD", "VCC_BOARD", "", "O", 47.24, 78.74, 0, 90],
		[244, "SW1_6", 1576.77, 1046.29, "T", "SMD", "SW1_6", "", "O", 47.24, 78.74, 0, 90],
		[245, "SW2_1", 2100.95, 1556.46, "T", "SMD", "SW2_1", "", "O", 35.43, 47.24, 0, 270],
		[246, "SW2_2", 2100.95, 1375.36, "T", "SMD", "SW2_2", "", "O", 35.43, 47.24, 0, 90],
		[247, "SW2_3", 2039.93, 1531.85, "T", "SMD", "IO0_BOOT", "", "O", 47.24, 51.18, 0, 90],
		[248, "SW2_4", 2039.93, 1399.96, "T", "SMD", "GND", "GND", "O", 47.24, 51.18, 0, 90],
		[249, "SW3_1", 2100.95, 446.61, "T", "SMD", "SW3_1", "", "O", 35.43, 47.24, 0, 270],
		[250, "SW3_2", 2100.95, 265.51, "T", "SMD", "SW3_2", "", "O", 35.43, 47.24, 0, 90],
		[251, "SW3_3", 2039.93, 422, "T", "SMD", "EN_RST", "", "O", 47.24, 51.18, 0, 90],
		[252, "SW3_4", 2039.93, 290.11, "T", "SMD", "GND", "GND", "O", 47.24, 51.18, 0, 90],
		[253, "U1_17", 1924.8, 1314.24, "T", "DIP", "GND", "GND", "O", 47.24, 94.49, 66.93, 90],
		[254, "U1_17", 1924.8, 1314.24, "B", "DIP", "GND", "GND", "O", 47.24, 94.49, 66.93, 90],
		[255, "U1_18", 2089.37, 1314.24, "T", "DIP", "GND", "GND", "O", 47.24, 70.87, 47.24, 90],
		[256, "U1_18", 2089.37, 1314.24, "B", "DIP", "GND", "GND", "O", 47.24, 70.87, 47.24, 90],
		[257, "U1_19", 2089.37, 974.08, "T", "DIP", "GND", "GND", "O", 47.24, 70.87, 47.24, 90],
		[258, "U1_19", 2089.37, 974.08, "B", "DIP", "GND", "GND", "O", 47.24, 70.87, 47.24, 90],
		[259, "U1_20", 1924.8, 974.09, "T", "DIP", "GND", "GND", "O", 47.24, 94.49, 66.93, 90],
		[260, "U1_20", 1924.8, 974.09, "B", "DIP", "GND", "GND", "O", 47.24, 94.49, 66.93, 90],
		[261, "U1_A1", 1894.54, 1012.27, "T", "SMD", "GND", "GND", "O", 11.81, 44.88, 0, 90],
		[262, "U1_A12", 1894.49, 1276.05, "T", "SMD", "GND", "GND", "O", 11.81, 44.88, 0, 90],
		[263, "U1_A4", 1894.65, 1043.76, "T", "SMD", "USB_5V", "", "O", 11.81, 44.88, 0, 90],
		[264, "U1_A5", 1894.49, 1094.95, "T", "SMD", "$1N4709", "", "O", 11.81, 44.88, 0, 90],
		[265, "U1_A6", 1894.49, 1134.32, "T", "SMD", "IO20_USB_D+", "", "O", 11.81, 44.88, 0, 90],
		[266, "U1_A7", 1894.54, 1154, "T", "SMD", "IO19_USB_D-", "", "O", 11.81, 44.88, 0, 90],
		[267, "U1_A8", 1894.49, 1193.36, "T", "SMD", "U1_A8", "", "O", 11.81, 44.88, 0, 90],
		[268, "U1_A9", 1894.49, 1244.55, "T", "SMD", "USB_5V", "", "O", 11.81, 44.88, 0, 90],
		[269, "U1_B1", 1894.49, 1264.24, "T", "SMD", "GND", "GND", "O", 11.81, 44.88, 0, 90],
		[270, "U1_B12", 1894.54, 1024.08, "T", "SMD", "GND", "GND", "O", 11.81, 44.88, 0, 90],
		[271, "U1_B4", 1894.49, 1232.74, "T", "SMD", "USB_5V", "", "O", 11.81, 44.88, 0, 90],
		[272, "U1_B5", 1894.49, 1213.06, "T", "SMD", "$1N4722", "", "O", 11.81, 44.88, 0, 90],
		[273, "U1_B6", 1894.49, 1173.69, "T", "SMD", "IO20_USB_D+", "", "O", 11.81, 44.88, 0, 90],
		[274, "U1_B7", 1894.54, 1114.63, "T", "SMD", "IO19_USB_D-", "", "O", 11.81, 44.88, 0, 90],
		[275, "U1_B8", 1894.49, 1075.26, "T", "SMD", "U1_B8", "", "O", 11.81, 44.88, 0, 90],
		[276, "U1_B9", 1894.65, 1055.58, "T", "SMD", "USB_5V", "", "O", 11.81, 44.88, 0, 90],
		[277, "U2_17", 1924.8, 847.9, "T", "DIP", "GND", "GND", "O", 47.24, 94.49, 66.93, 90],
		[278, "U2_17", 1924.8, 847.9, "B", "DIP", "GND", "GND", "O", 47.24, 94.49, 66.93, 90],
		[279, "U2_18", 2089.37, 847.9, "T", "DIP", "GND", "GND", "O", 47.24, 70.87, 47.24, 90],
		[280, "U2_18", 2089.37, 847.9, "B", "DIP", "GND", "GND", "O", 47.24, 70.87, 47.24, 90],
		[281, "U2_19", 2089.37, 507.74, "T", "DIP", "GND", "GND", "O", 47.24, 70.87, 47.24, 90],
		[282, "U2_19", 2089.37, 507.74, "B", "DIP", "GND", "GND", "O", 47.24, 70.87, 47.24, 90],
		[283, "U2_20", 1924.8, 507.75, "T", "DIP", "GND", "GND", "O", 47.24, 94.49, 66.93, 90],
		[284, "U2_20", 1924.8, 507.75, "B", "DIP", "GND", "GND", "O", 47.24, 94.49, 66.93, 90],
		[285, "U2_A1", 1894.54, 545.93, "T", "SMD", "GND", "GND", "O", 11.81, 44.88, 0, 90],
		[286, "U2_A12", 1894.49, 809.71, "T", "SMD", "GND", "GND", "O", 11.81, 44.88, 0, 90],
		[287, "U2_A4", 1894.65, 577.42, "T", "SMD", "USB_5V", "", "O", 11.81, 44.88, 0, 90],
		[288, "U2_A5", 1894.49, 628.61, "T", "SMD", "$1N11663", "", "O", 11.81, 44.88, 0, 90],
		[289, "U2_A6", 1894.49, 667.98, "T", "SMD", "USB_D+", "", "O", 11.81, 44.88, 0, 90],
		[290, "U2_A7", 1894.54, 687.66, "T", "SMD", "USB_D-", "", "O", 11.81, 44.88, 0, 90],
		[291, "U2_A8", 1894.49, 727.02, "T", "SMD", "U2_A8", "", "O", 11.81, 44.88, 0, 90],
		[292, "U2_A9", 1894.49, 778.21, "T", "SMD", "USB_5V", "", "O", 11.81, 44.88, 0, 90],
		[293, "U2_B1", 1894.49, 797.9, "T", "SMD", "GND", "GND", "O", 11.81, 44.88, 0, 90],
		[294, "U2_B12", 1894.54, 557.74, "T", "SMD", "GND", "GND", "O", 11.81, 44.88, 0, 90],
		[295, "U2_B4", 1894.49, 766.4, "T", "SMD", "USB_5V", "", "O", 11.81, 44.88, 0, 90],
		[296, "U2_B5", 1894.49, 746.72, "T", "SMD", "$1N11656", "", "O", 11.81, 44.88, 0, 90],
		[297, "U2_B6", 1894.49, 707.35, "T", "SMD", "USB_D+", "", "O", 11.81, 44.88, 0, 90],
		[298, "U2_B7", 1894.54, 648.29, "T", "SMD", "USB_D-", "", "O", 11.81, 44.88, 0, 90],
		[299, "U2_B8", 1894.49, 608.92, "T", "SMD", "U2_B8", "", "O", 11.81, 44.88, 0, 90],
		[300, "U2_B9", 1894.65, 589.24, "T", "SMD", "USB_5V", "", "O", 11.81, 44.88, 0, 90],
		[301, "U3_1", 1010.85, 738.09, "T", "SMD", "$1N6058", "", "O", 23.62, 39.37, 0, 270],
		[302, "U3_2", 1010.85, 700.69, "T", "SMD", "GND", "GND", "O", 23.62, 39.37, 0, 270],
		[303, "U3_3", 1010.84, 663.29, "T", "SMD", "$1N6054", "", "O", 23.62, 39.37, 0, 270],
		[304, "U3_4", 1097.46, 663.29, "T", "SMD", "$1N6057", "", "O", 23.62, 39.37, 0, 270],
		[305, "U3_5", 1097.46, 738.09, "T", "SMD", "$1N6055", "", "O", 23.62, 39.37, 0, 270],
		[306, "U4_1", 1477.46, 767.91, "T", "SMD", "GND", "GND", "O", 23.62, 70.87, 0, 270],
		[307, "U4_2", 1477.46, 717.91, "T", "SMD", "$1N8211", "", "O", 23.62, 70.87, 0, 270],
		[308, "U4_3", 1477.46, 667.91, "T", "SMD", "GND", "GND", "O", 23.62, 70.87, 0, 270],
		[309, "U4_4", 1477.46, 617.91, "T", "SMD", "USB_5V", "", "O", 23.62, 70.87, 0, 270],
		[310, "U4_5", 1695.77, 617.91, "T", "SMD", "VBAT", "", "O", 23.62, 70.87, 0, 270],
		[311, "U4_6", 1695.77, 667.91, "T", "SMD", "BAT_STBY", "", "O", 23.62, 70.87, 0, 270],
		[312, "U4_7", 1695.77, 717.91, "T", "SMD", "BAT_CHRG", "", "O", 23.62, 70.87, 0, 270],
		[313, "U4_8", 1695.77, 767.91, "T", "SMD", "USB_5V", "", "O", 23.62, 70.87, 0, 270],
		[314, "U4_9", 1586.61, 692.91, "T", "SMD", "GND", "GND", "R", 90.16, 90.16, 0, 270],
		[315, "U5_1", 1764.08, 566.93, "T", "SMD", "BAT_STBY", "", "R", 31.5, 31.5, 0, 90],
		[316, "U5_2", 1827.03, 567.2, "T", "SMD", "$1N8206", "", "R", 31.5, 31.5, 0, 90],
		[317, "U6_1", 1399.61, 398.11, "T", "SMD", "VBAT", "", "O", 23.62, 62.99, 0, 180],
		[318, "U6_2", 1350.39, 398.11, "T", "SMD", "GND", "GND", "O", 23.62, 62.99, 0, 180],
		[319, "U6_3", 1502.95, 520.16, "T", "SMD", "GND", "GND", "O", 78.74, 118.11, 0, 180],
		[320, "U6_4", 1247.05, 520.16, "T", "SMD", "GND", "GND", "O", 78.74, 118.11, 0, 180],
		[321, "U7_1", 59.8, 609.78, "T", "SMD", "GND", "GND", "O", 59.05, 35.43, 0, 90],
		[322, "U7_2", 109.8, 609.78, "T", "SMD", "$2N631", "", "O", 59.05, 35.43, 0, 90],
		[323, "U7_3", 159.8, 609.78, "T", "SMD", "EN_RST", "", "O", 59.05, 35.43, 0, 90],
		[324, "U7_4", 209.8, 609.78, "T", "SMD", "IO4_SCK", "", "O", 59.05, 35.43, 0, 90],
		[325, "U7_5", 259.81, 609.78, "T", "SMD", "IO5_WS", "", "O", 59.05, 35.43, 0, 90],
		[326, "U7_6", 309.81, 609.78, "T", "SMD", "IO6_SD", "", "O", 59.05, 35.43, 0, 90],
		[327, "U7_7", 359.81, 609.78, "T", "SMD", "IO7_KNOB", "", "O", 59.05, 35.43, 0, 90],
		[328, "U7_8", 409.81, 609.78, "T", "SMD", "IO15_DIN", "", "O", 59.05, 35.43, 0, 90],
		[329, "U7_9", 459.81, 609.78, "T", "SMD", "IO16_BCLK", "", "O", 59.05, 35.43, 0, 90],
		[330, "U7_10", 509.81, 609.78, "T", "SMD", "IO17_LR", "", "O", 59.05, 35.43, 0, 90],
		[331, "U7_11", 559.8, 609.78, "T", "SMD", "IO18_LED", "", "O", 59.05, 35.43, 0, 90],
		[332, "U7_12", 609.8, 609.78, "T", "SMD", "IO8_BAT_ADC", "", "O", 59.05, 35.43, 0, 90],
		[333, "U7_13", 659.8, 609.78, "T", "SMD", "$2N769", "", "O", 59.05, 35.43, 0, 90],
		[334, "U7_14", 709.8, 609.78, "T", "SMD", "$2N764", "", "O", 59.05, 35.43, 0, 90],
		[335, "U7_15", 760.19, 679.27, "T", "SMD", "IO3_EXD", "", "O", 59.05, 35.43, 0, 180],
		[336, "U7_16", 760.19, 729.27, "T", "SMD", "IO46_EXD", "", "O", 59.05, 35.43, 0, 180],
		[337, "U7_17", 760.19, 779.27, "T", "SMD", "IO9_EXD", "", "O", 59.05, 35.43, 0, 180],
		[338, "U7_18", 760.19, 829.27, "T", "SMD", "IO10_BTN", "", "O", 59.05, 35.43, 0, 180],
		[339, "U7_19", 760.19, 879.27, "T", "SMD", "IO11_TX_TW", "", "O", 59.05, 35.43, 0, 180],
		[340, "U7_20", 760.19, 929.27, "T", "SMD", "IO12_RX_TW", "", "O", 59.05, 35.43, 0, 180],
		[341, "U7_21", 760.19, 979.27, "T", "SMD", "IO13_EXD", "", "O", 59.05, 35.43, 0, 180],
		[342, "U7_22", 760.19, 1029.27, "T", "SMD", "IO14_EXD", "", "O", 59.05, 35.43, 0, 180],
		[343, "U7_23", 760.19, 1079.27, "T", "SMD", "IO21_EXD", "", "O", 59.05, 35.43, 0, 180],
		[344, "U7_24", 760.19, 1129.27, "T", "SMD", "IO47_EXD", "", "O", 59.05, 35.43, 0, 180],
		[345, "U7_25", 760.19, 1179.27, "T", "SMD", "IO48_EXD", "", "O", 59.05, 35.43, 0, 180],
		[346, "U7_26", 759.01, 1229.27, "T", "SMD", "IO45_EXD", "", "O", 59.05, 35.43, 0, 180],
		[347, "U7_27", 709.81, 1298.76, "T", "SMD", "IO0_BOOT", "", "O", 59.05, 35.43, 0, 270],
		[348, "U7_28", 659.81, 1298.76, "T", "SMD", "U7_28", "", "O", 59.05, 35.43, 0, 270],
		[349, "U7_29", 609.81, 1298.76, "T", "SMD", "U7_29", "", "O", 59.05, 35.43, 0, 270],
		[350, "U7_30", 559.81, 1298.76, "T", "SMD", "U7_30", "", "O", 59.05, 35.43, 0, 270],
		[351, "U7_31", 509.81, 1298.76, "T", "SMD", "IO38_EXD", "", "O", 59.05, 35.43, 0, 270],
		[352, "U7_32", 459.81, 1298.76, "T", "SMD", "IO39_EXD", "", "O", 59.05, 35.43, 0, 270],
		[353, "U7_33", 409.81, 1298.76, "T", "SMD", "IO40_EXD", "", "O", 59.05, 35.43, 0, 270],
		[354, "U7_34", 359.81, 1298.76, "T", "SMD", "IO41_EXD", "", "O", 59.05, 35.43, 0, 270],
		[355, "U7_35", 309.81, 1298.76, "T", "SMD", "IO42_EXD", "", "O", 59.05, 35.43, 0, 270],
		[356, "U7_36", 259.81, 1298.76, "T", "SMD", "IO44_RX", "", "O", 59.05, 35.43, 0, 270],
		[357, "U7_37", 209.81, 1298.76, "T", "SMD", "IO43_TX", "", "O", 59.05, 35.43, 0, 270],
		[358, "U7_38", 159.81, 1298.76, "T", "SMD", "IO2_EXD", "", "O", 59.05, 35.43, 0, 270],
		[359, "U7_39", 109.81, 1298.76, "T", "SMD", "IO1_EXD", "", "O", 59.05, 35.43, 0, 270],
		[360, "U7_40", 59.8, 1298.76, "T", "SMD", "GND", "GND", "O", 59.05, 35.43, 0, 270],
		[361, "U7_41", 418.87, 950.33, "T", "SMD", "GND", "GND", "O", 35.43, 35.43, 0, 180],
		[362, "U7_41", 418.87, 895.21, "T", "SMD", "GND", "GND", "O", 35.43, 35.43, 0, 180],
		[363, "U7_41", 418.87, 840.09, "T", "SMD", "GND", "GND", "O", 35.43, 35.43, 0, 180],
		[364, "U7_41", 308.63, 840.09, "T", "SMD", "GND", "GND", "O", 35.43, 35.43, 0, 180],
		[365, "U7_41", 308.63, 895.21, "T", "SMD", "GND", "GND", "O", 35.43, 35.43, 0, 180],
		[366, "U7_41", 308.63, 950.33, "T", "SMD", "GND", "GND", "O", 35.43, 35.43, 0, 180],
		[367, "U7_41", 363.75, 950.33, "T", "SMD", "GND", "GND", "O", 35.43, 35.43, 0, 180],
		[368, "U7_41", 363.75, 840.09, "T", "SMD", "GND", "GND", "O", 35.43, 35.43, 0, 180],
		[369, "U7_41", 363.75, 895.21, "T", "SMD", "GND", "GND", "O", 35.43, 35.43, 0, 180],
		[370, "U8_1", 848.62, 953.84, "T", "SMD", "GND", "GND", "O", 22.05, 68.7, 0, 0],
		[371, "U8_2", 898.62, 953.84, "T", "SMD", "$3N640", "", "O", 22.05, 68.7, 0, 0],
		[372, "U8_3", 948.62, 953.84, "T", "SMD", "$3N641", "", "O", 22.05, 68.7, 0, 0],
		[373, "U8_4", 998.62, 953.84, "T", "SMD", "VCC_3V3", "", "O", 22.05, 68.7, 0, 0],
		[374, "U8_5", 1048.62, 953.84, "T", "SMD", "USB_D+", "", "O", 22.05, 68.7, 0, 0],
		[375, "U8_6", 1098.62, 953.84, "T", "SMD", "USB_D-", "", "O", 22.05, 68.7, 0, 0],
		[376, "U8_7", 1148.62, 953.84, "T", "SMD", "U8_7", "", "O", 22.05, 68.7, 0, 0],
		[377, "U8_8", 1198.62, 953.84, "T", "SMD", "U8_8", "", "O", 22.05, 68.7, 0, 0],
		[378, "U8_9", 1198.62, 1180.02, "T", "SMD", "U8_9", "", "O", 22.05, 68.7, 0, 0],
		[379, "U8_10", 1148.62, 1180.02, "T", "SMD", "U8_10", "", "O", 22.05, 68.7, 0, 0],
		[380, "U8_11", 1098.62, 1180.02, "T", "SMD", "U8_11", "", "O", 22.05, 68.7, 0, 0],
		[381, "U8_12", 1048.62, 1180.02, "T", "SMD", "U8_12", "", "O", 22.05, 68.7, 0, 0],
		[382, "U8_13", 998.62, 1180.02, "T", "SMD", "DTR", "", "O", 22.05, 68.7, 0, 0],
		[383, "U8_14", 948.62, 1180.02, "T", "SMD", "RTS", "", "O", 22.05, 68.7, 0, 0],
		[384, "U8_15", 898.62, 1180.02, "T", "SMD", "U8_15", "", "O", 22.05, 68.7, 0, 0],
		[385, "U8_16", 848.62, 1180.02, "T", "SMD", "VCC_3V3", "", "O", 22.05, 68.7, 0, 0],
		[386, "U9_1", 155.91, 1463.38, "T", "SMD", "GND", "GND", "O", 47.24, 29.53, 0, 90],
		[387, "U9_2", 116.54, 1463.38, "T", "SMD", "U9_2", "", "O", 47.24, 29.53, 0, 90],
		[388, "U9_3", 77.17, 1463.38, "T", "SMD", "IO5_WS", "", "O", 47.24, 29.53, 0, 90],
		[389, "U9_4", 37.8, 1463.38, "T", "SMD", "$3N9618", "", "O", 47.24, 29.53, 0, 90],
		[390, "U9_5", 37.8, 1388.58, "T", "SMD", "$3N9620", "", "O", 47.24, 29.53, 0, 90],
		[391, "U9_6", 77.17, 1388.58, "T", "SMD", "IO4_SCK", "", "O", 47.24, 29.53, 0, 90],
		[392, "U9_7", 116.54, 1388.58, "T", "SMD", "IO6_SD", "", "O", 47.24, 29.53, 0, 90],
		[393, "U9_8", 155.91, 1388.58, "T", "SMD", "VCC_3V3", "", "O", 47.24, 29.53, 0, 90],
		[394, "U10_1", 1299.67, 1014.17, "T", "SMD", "IO15_DIN", "", "O", 9.84, 23.62, 0, 180],
		[395, "U10_2", 1319.35, 1014.17, "T", "SMD", "GAIN_CTRL", "", "O", 9.84, 23.62, 0, 180],
		[396, "U10_3", 1339.04, 1014.17, "T", "SMD", "GND", "GND", "O", 9.84, 23.62, 0, 180],
		[397, "U10_4", 1358.72, 1014.17, "T", "SMD", "SD_MODE", "", "O", 9.84, 23.62, 0, 180],
		[398, "U10_5", 1388.19, 1043.78, "T", "SMD", "U10_5", "", "O", 9.84, 23.62, 0, 270],
		[399, "U10_6", 1388.19, 1063.46, "T", "SMD", "U10_6", "", "O", 9.84, 23.62, 0, 270],
		[400, "U10_7", 1388.19, 1083.15, "T", "SMD", "MAX_3V3", "", "O", 9.84, 23.62, 0, 270],
		[401, "U10_8", 1388.19, 1102.83, "T", "SMD", "MAX_3V3", "", "O", 9.84, 23.62, 0, 270],
		[402, "U10_9", 1358.66, 1132.28, "T", "SMD", "$3N2291", "", "O", 9.84, 23.62, 0, 0],
		[403, "U10_10", 1338.98, 1132.28, "T", "SMD", "$3N2290", "", "O", 9.84, 23.62, 0, 0],
		[404, "U10_11", 1319.29, 1132.28, "T", "SMD", "GND", "GND", "O", 9.84, 23.62, 0, 0],
		[405, "U10_12", 1299.67, 1132.28, "T", "SMD", "U10_12", "", "O", 9.84, 23.62, 0, 0],
		[406, "U10_13", 1270.08, 1102.83, "T", "SMD", "U10_13", "", "O", 9.84, 23.62, 0, 90],
		[407, "U10_14", 1270.08, 1083.15, "T", "SMD", "IO17_LR", "", "O", 9.84, 23.62, 0, 90],
		[408, "U10_15", 1270.08, 1063.46, "T", "SMD", "GND", "GND", "O", 9.84, 23.62, 0, 90],
		[409, "U10_16", 1270.08, 1043.78, "T", "SMD", "IO16_BCLK", "", "O", 9.84, 23.62, 0, 90],
		[410, "U10_17", 1329.14, 1073.22, "T", "SMD", "GND", "GND", "R", 59.05, 59.05, 0, 90],
		[411, "U11_1", 1364.61, 1293.97, "T", "SMD", "$3N2293", "", "O", 23.62, 62.99, 0, 180],
		[412, "U11_2", 1315.39, 1293.97, "T", "SMD", "$3N2292", "", "O", 23.62, 62.99, 0, 180],
		[413, "U11_3", 1467.95, 1416.02, "T", "SMD", "GND", "GND", "O", 78.74, 118.11, 0, 180],
		[414, "U11_4", 1212.05, 1416.02, "T", "SMD", "GND", "GND", "O", 78.74, 118.11, 0, 180]
	]
}
}