{
"lengthUnit": "mil",
"components": {
	"fields": ["COMPONENT_NO", "COMPONENT_NAME", "LAYER", "X_COORDINATE", "Y_COORDINATE", "ANGLE"],
	"rows": [
		[1, "C2", "T", 1551.18, 964.57, 0],
		[2, "C3", "T", 1151.68, 669.84, 270],
		[3, "C4", "T", 1216.87, 669.84, 270],
		[4, "C5", "T", 1153.54, 790.51, 90],
		[5, "C6", "T", 929.14, 740.16, 0],
		[6, "C7", "T", 929.14, 673.23, 0],
		[7, "C8", "T", 1377.95, 618.11, 0],
		[8, "C9", "T", 1673.23, 551.18, 180],
		[9, "C10", "T", 67.24, 506.12, 0],
		[10, "C11", "T", 67.24, 440, 0],
		[11, "C12", "T", 187.44, 505, 180],
		[12, "C13", "T", 885.83, 1248.03, 0],
		[13, "C16", "T", 1501.48, 1065.48, 270],
		[14, "C17", "T", 1435.36, 1065.46, 270],
		[15, "C18", "T", 1438.06, 1203.84, 90],
		[16, "C19", "T", 1255.91, 1200.7, 90],
		[17, "C20", "T", 180.62, 1535.14, 180],
		[18, "CN4", "T", 548.07, 223.74, 0],
		[19, "D2", "T", 1716.54, 917.32, 0],
		[20, "F2", "T", 1279.53, 670.14, 90],
		[21, "HDR1", "T", 808.98, 1638.23, 0],
		[22, "L1", "T", 940.95, 555.12, 180],
		[23, "LED1", "T", 1795.56, 690.13, 0],
		[24, "LED2", "T", 157.49, 346.48, 90],
		[25, "M1", "T", 118.11, 118.11, 0],
		[26, "M2", "T", 2021.66, 118.11, 0],
		[27, "M3", "T", 118.11, 1692.91, 0],
		[28, "M4", "T", 2021.66, 1692.91, 0],
		[29, "Q1", "T", 1535.43, 866.14, 0],
		[30, "Q2", "T", 1133.86, 1279.53, 180],
		[31, "Q3", "T", 874.02, 1346.46, 0],
		[32, "R1", "T", 1958.53, 909.45, 0],
		[33, "R2", "T", 1942.78, 1389.76, 180],
		[34, "R3", "T", 1793.18, 811.02, 0],
		[35, "R4", "T", 1675.33, 846.46, 0],
		[36, "R6", "T", 1793.6, 628.81, 0],
		[37, "R7", "T", 1793.6, 751.88, 0],
		[38, "R8", "T", 928.83, 807.09, 0],
		[39, "R9", "T", 1379.39, 717.91, 0],
		[40, "R10", "T", 1057.09, 797.24, 180],
		[41, "R11", "T", 1216.98, 790.2, 90],
		[42, "R12", "T", 66.94, 318.9, 0],
		[43, "R14", "T", 1279.53, 790.2, 90],
		[44, "R15", "T", 66.94, 378.04, 0],
		[45, "R16", "T", 187.75, 440.11, 0],
		[46, "R17", "T", 694.88, 484.12, 0],
		[47, "R18", "T", 694.88, 542.14, 0],
		[48, "R19", "T", 1006.04, 1255.91, 180],
		[49, "R21", "T", 893.7, 885.83, 180],
		[50, "R23", "T", 1009.71, 885.83, 0],
		[51, "R29", "T", 1005.77, 1311.02, 0],
		[52, "R31", "T", 1437.95, 934.91, 90],
		[53, "R32", "T", 1379.94, 934.91, 90],
		[54, "R33", "T", 1263.9, 934.91, 90],
		[55, "R34", "T", 1321.92, 934.91, 90],
		[56, "R35", "T", 1500, 1198.69, 270],
		[57, "R36", "T", 1317.87, 1202.89, 90],
		[58, "R37", "T", 1375.88, 1202.89, 90],
		[59, "R38", "T", 276.78, 480.42, 90],
		[60, "R39", "T", 334.8, 480.42, 90],
		[61, "R42", "T", 421.34, 508.95, 180],
		[62, "R43", "T", 1836.48, 362.2, 0],
		[63, "R44", "T", 574.97, 510, 180],
		[64, "R45", "T", 2073.59, 909.45, 0],
		[65, "R46", "T", 1938.85, 421.26, 0],
		[66, "R47", "T", 1582.68, 517.58, 90],
		[67, "R48", "T", 1675.07, 488.19, 180],
		[68, "R49", "T", 62.77, 1535.04, 0],
		[69, "R50", "T", 253.94, 1380.31, 0],
		[70, "R51", "T", 342.13, 1409.45, 90],
		[71, "R53", "T", 252.89, 1440.15, 180],
		[72, "SW2", "T", 2070.44, 1465.91, 270],
		[73, "SW3", "T", 2070.44, 356.06, 270],
		[74, "SW4", "T", 1688.98, 1144.71, 270],
		[75, "U1", "T", 1991.93, 1144.16, 90],
		[76, "U2", "T", 1586.61, 692.91, 270],
		[77, "U3", "T", 1047.24, 712.6, 0],
		[78, "U4", "T", 1795.56, 567.06, 0],
		[79, "U5", "T", 410, 954.27, 90],
		[80, "U6", "T", 1023.62, 1066.93, 0],
		[81, "U8", "T", 1329.13, 1073.23, 0],
		[82, "U9", "T", 1991.93, 677.82, 90],
		[83, "U10", "T", 1119.09, 223.74, 0],
		[84, "U11", "T", 1640.91, 1578.23, 180],
		[85, "U12", "T", 1640.91, 223.74, 0],
		[86, "U13", "T", 1340, 1355, 180],
		[87, "U14", "T", 1375, 459.13, 180],
		[88, "U15", "T", 96.85, 1425.98, 90]
	]
},
"pins": {
	"fields": ["PIN_NO", "PIN_NAME", "PIN_X", "PIN_Y", "LAYER", "PIN_TYPE", "NET_NAME", "NET_TYPE", "PAD_SHAPE", "PAD_SIZEX", "PAD_SIZEY", "HOLE_SIZE", "PAD_ANGLE"],
	"rows": [
		[1, "C2_1", 1523.62, 964.57, "T", "SMD", "GND", "GND", "R", 31.5, 35.43, 0, 0],
		[2, "C2_2", 1578.74, 964.57, "T", "SMD", "AUX_VCC", "", "R", 31.5, 35.43, 0, 0],
		[3, "C3_1", 1151.68, 697.4, "T", "SMD", "GND", "GND", "R", 31.5, 35.43, 0, 270],
		[4, "C3_2", 1151.68, 642.28, "T", "SMD", "$1N6057", "", "R", 31.5, 35.43, 0, 270],
		[5, "C4_1", 1216.87, 697.4, "T", "SMD", "GND", "GND", "R", 31.5, 35.43, 0, 270],
		[6, "C4_2", 1216.87, 642.28, "T", "SMD", "$1N6057", "", "R", 31.5, 35.43, 0, 270],
		[7, "C5_1", 1153.54, 762.95, "T", "SMD", "$1N6055", "", "R", 31.5, 35.43, 0, 90],
		[8, "C5_2", 1153.54, 818.07, "T", "SMD", "$1N6052", "", "R", 31.5, 35.43, 0, 90],
		[9, "C6_1", 901.58, 740.16, "T", "SMD", "$1N6052", "", "R", 31.5, 35.43, 0, 0],
		[10, "C6_2", 956.7, 740.16, "T", "SMD", "GND", "GND", "R", 31.5, 35.43, 0, 0],
		[11, "C7_1", 901.58, 673.23, "T", "SMD", "$1N6052", "", "R", 31.5, 35.43, 0, 0],
		[12, "C7_2", 956.7, 673.23, "T", "SMD", "GND", "GND", "R", 31.5, 35.43, 0, 0],
		[13, "C8_1", 1350.39, 618.11, "T", "SMD", "GND", "GND", "R", 31.5, 35.43, 0, 0],
		[14, "C8_2", 1405.51, 618.11, "T", "SMD", "USB_5V", "", "R", 31.5, 35.43, 0, 0],
		[15, "C9_1", 1700.79, 551.18, "T", "SMD", "GND", "GND", "R", 31.5, 35.43, 0, 180],
		[16, "C9_2", 1645.67, 551.18, "T", "SMD", "VBAT", "", "R", 31.5, 35.43, 0, 180],
		[17, "C10_1", 39.68, 506.12, "T", "SMD", "GND", "GND", "R", 31.5, 35.43, 0, 0],
		[18, "C10_2", 94.8, 506.12, "T", "SMD", "$2N631", "", "R", 31.5, 35.43, 0, 0],
		[19, "C11_1", 39.68, 440, "T", "SMD", "GND", "GND", "R", 31.5, 35.43, 0, 0],
		[20, "C11_2", 94.8, 440, "T", "SMD", "$2N631", "", "R", 31.5, 35.43, 0, 0],
		[21, "C12_1", 215, 505, "T", "SMD", "GND", "GND", "R", 31.5, 35.43, 0, 180],
		[22, "C12_2", 159.88, 505, "T", "SMD", "EN_RST", "", "R", 31.5, 35.43, 0, 180],
		[23, "C13_1", 858.27, 1248.03, "T", "SMD", "VCC_3V3", "", "R", 31.5, 35.43, 0, 0],
		[24, "C13_2", 913.39, 1248.03, "T", "SMD", "GND", "GND", "R", 31.5, 35.43, 0, 0],
		[25, "C16_1", 1501.48, 1093.04, "T", "SMD", "MAX_3V3", "", "R", 31.5, 35.43, 0, 270],
		[26, "C16_2", 1501.48, 1037.92, "T", "SMD", "GND", "GND", "R", 31.5, 35.43, 0, 270],
		[27, "C17_1", 1435.36, 1093.02, "T", "SMD", "MAX_3V3", "", "R", 31.5, 35.43, 0, 270],
		[28, "C17_2", 1435.36, 1037.9, "T", "SMD", "GND", "GND", "R", 31.5, 35.43, 0, 270],
		[29, "C18_1", 1438.06, 1176.28, "T", "SMD", "GND", "GND", "R", 31.5, 35.43, 0, 90],
		[30, "C18_2", 1438.06, 1231.4, "T", "SMD", "$3N2293", "", "R", 31.5, 35.43, 0, 90],
		[31, "C19_1", 1255.91, 1173.13, "T", "SMD", "GND", "GND", "R", 31.5, 35.43, 0, 90],
		[32, "C19_2", 1255.91, 1228.26, "T", "SMD", "$3N2292", "", "R", 31.5, 35.43, 0, 90],
		[33, "C20_1", 208.18, 1535.14, "T", "SMD", "VCC_3V3", "", "R", 31.5, 35.43, 0, 180],
		[34, "C20_2", 153.06, 1535.14, "T", "SMD", "GND", "GND", "R", 31.5, 35.43, 0, 180],
		[35, "CN4_1", 400.43, 359.07, "T", "SMD", "ASR_PB6", "", "O", 51.18, 173.23, 0, 0],
		[36, "CN4_1", 400.43, 286.73, "T", "DIP", "ASR_PB6", "", "C", 60, 60, 36, 0],
		[37, "CN4_1", 400.43, 286.73, "B", "DIP", "ASR_PB6", "", "C", 60, 60, 36, 0],
		[38, "CN4_1", 400.43, 164.68, "T", "DIP", "ASR_PB6", "", "C", 60, 60, 36, 0],
		[39, "CN4_1", 400.43, 164.68, "B", "DIP", "ASR_PB6", "", "C", 60, 60, 36, 0],
		[40, "CN4_2", 498.86, 359.07, "T", "SMD", "ASR_PB5", "", "O", 51.18, 173.23, 0, 0],
		[41, "CN4_2", 498.86, 286.73, "T", "DIP", "ASR_PB5", "", "C", 60, 60, 36, 0],
		[42, "CN4_2", 498.86, 286.73, "B", "DIP", "ASR_PB5", "", "C", 60, 60, 36, 0],
		[43, "CN4_2", 498.86, 164.68, "T", "DIP", "ASR_PB5", "", "C", 60, 60, 36, 0],
		[44, "CN4_2", 498.86, 164.68, "B", "DIP", "ASR_PB5", "", "C", 60, 60, 36, 0],
		[45, "CN4_3", 597.28, 359.07, "T", "SMD", "GND", "GND", "O", 51.18, 173.23, 0, 0],
		[46, "CN4_3", 597.29, 286.73, "T", "DIP", "GND", "GND", "C", 60, 60, 36, 0],
		[47, "CN4_3", 597.29, 286.73, "B", "DIP", "GND", "GND", "C", 60, 60, 36, 0],
		[48, "CN4_3", 597.29, 164.68, "T", "DIP", "GND", "GND", "C", 60, 60, 36, 0],
		[49, "CN4_3", 597.29, 164.68, "B", "DIP", "GND", "GND", "C", 60, 60, 36, 0],
		[50, "CN4_4", 695.71, 359.07, "T", "SMD", "VCC_3V3", "", "O", 51.18, 173.23, 0, 0],
		[51, "CN4_4", 695.71, 286.73, "T", "DIP", "VCC_3V3", "", "C", 60, 60, 36, 0],
		[52, "CN4_4", 695.71, 286.73, "B", "DIP", "VCC_3V3", "", "C", 60, 60, 36, 0],
		[53, "CN4_4", 695.71, 164.68, "T", "DIP", "VCC_3V3", "", "C", 60, 60, 36, 0],
		[54, "CN4_4", 695.71, 164.68, "B", "DIP", "VCC_3V3", "", "C", 60, 60, 36, 0],
		[55, "CN4_5", 286.26, 88.4, "T", "SMD", "GND", "GND", "O", 70.87, 151.57, 0, 0],
		[56, "CN4_6", 809.88, 88.4, "T", "SMD", "GND", "GND", "O", 70.87, 151.57, 0, 0],
		[57, "D2_1", 1649.61, 917.32, "T", "SMD", "AUX_VCC", "", "O", 47.24, 37.4, 0, 0],
		[58, "D2_2", 1783.47, 917.32, "T", "SMD", "USB_5V", "", "O", 47.24, 37.4, 0, 0],
		[59, "F2_1", 1279.53, 640.48, "T", "SMD", "$1N6057", "", "R", 31.75, 34.02, 0, 90],
		[60, "F2_2", 1279.53, 699.8, "T", "SMD", "VCC_BOARD", "", "R", 31.75, 34.02, 0, 90],
		[61, "HDR1_1", 308.98, 1538.23, "T", "SMD", "USB_5V", "", "O", 40.16, 114.17, 0, 0],
		[62, "HDR1_1", 308.98, 1589.73, "T", "DIP", "USB_5V", "", "C", 60, 60, 36, 0],
		[63, "HDR1_1", 308.98, 1589.73, "B", "DIP", "USB_5V", "", "C", 60, 60, 36, 0],
		[64, "HDR1_2", 308.98, 1738.23, "T", "SMD", "VCC_3V3", "", "O", 40.16, 114.17, 0, 0],
		[65, "HDR1_2", 308.98, 1689.73, "T", "DIP", "VCC_3V3", "", "C", 60, 60, 36, 0],
		[66, "HDR1_2", 308.98, 1689.73, "B", "DIP", "VCC_3V3", "", "C", 60, 60, 36, 0],
		[67, "HDR1_3", 408.98, 1538.23, "T", "SMD", "GND", "GND", "O", 40.16, 114.17, 0, 0],
		[68, "HDR1_3", 408.98, 1589.73, "T", "DIP", "GND", "GND", "C", 60, 60, 36, 0],
		[69, "HDR1_3", 408.98, 1589.73, "B", "DIP", "GND", "GND", "C", 60, 60, 36, 0],
		[70, "HDR1_4", 408.98, 1738.23, "T", "SMD", "GND", "GND", "O", 40.16, 114.17, 0, 0],
		[71, "HDR1_4", 408.98, 1689.73, "T", "DIP", "GND", "GND", "C", 60, 60, 36, 0],
		[72, "HDR1_4", 408.98, 1689.73, "B", "DIP", "GND", "GND", "C", 60, 60, 36, 0],
		[73, "HDR1_5", 508.98, 1538.23, "T", "SMD", "IO3_EXD", "", "O", 40.16, 114.17, 0, 0],
		[74, "HDR1_5", 508.98, 1589.73, "T", "DIP", "IO3_EXD", "", "C", 60, 60, 36, 0],
		[75, "HDR1_5", 508.98, 1589.73, "B", "DIP", "IO3_EXD", "", "C", 60, 60, 36, 0],
		[76, "HDR1_6", 508.98, 1738.23, "T", "SMD", "IO1_EXD", "", "O", 40.16, 114.17, 0, 0],
		[77, "HDR1_6", 508.98, 1689.73, "T", "DIP", "IO1_EXD", "", "C", 60, 60, 36, 0],
		[78, "HDR1_6", 508.98, 1689.73, "B", "DIP", "IO1_EXD", "", "C", 60, 60, 36, 0],
		[79, "HDR1_7", 608.98, 1538.23, "T", "SMD", "IO46_EXD", "", "O", 40.16, 114.17, 0, 0],
		[80, "HDR1_7", 608.98, 1589.73, "T", "DIP", "IO46_EXD", "", "C", 60, 60, 36, 0],
		[81, "HDR1_7", 608.98, 1589.73, "B", "DIP", "IO46_EXD", "", "C", 60, 60, 36, 0],
		[82, "HDR1_8", 608.98, 1738.23, "T", "SMD", "IO2_EXD", "", "O", 40.16, 114.17, 0, 0],
		[83, "HDR1_8", 608.98, 1689.73, "T", "DIP", "IO2_EXD", "", "C", 60, 60, 36, 0],
		[84, "HDR1_8", 608.98, 1689.73, "B", "DIP", "IO2_EXD", "", "C", 60, 60, 36, 0],
		[85, "HDR1_9", 708.98, 1538.23, "T", "SMD", "IO9_EXD", "", "O", 40.16, 114.17, 0, 0],
		[86, "HDR1_9", 708.98, 1589.73, "T", "DIP", "IO9_EXD", "", "C", 60, 60, 36, 0],
		[87, "HDR1_9", 708.98, 1589.73, "B", "DIP", "IO9_EXD", "", "C", 60, 60, 36, 0],
		[88, "HDR1_10", 708.98, 1738.23, "T", "SMD", "IO42_EXD", "", "O", 40.16, 114.17, 0, 0],
		[89, "HDR1_10", 708.98, 1689.73, "T", "DIP", "IO42_EXD", "", "C", 60, 60, 36, 0],
		[90, "HDR1_10", 708.98, 1689.73, "B", "DIP", "IO42_EXD", "", "C", 60, 60, 36, 0],
		[91, "HDR1_11", 808.98, 1538.23, "T", "SMD", "IO11_EXD", "", "O", 40.16, 114.17, 0, 0],
		[92, "HDR1_11", 808.98, 1589.73, "T", "DIP", "IO11_EXD", "", "C", 60, 60, 36, 0],
		[93, "HDR1_11", 808.98, 1589.73, "B", "DIP", "IO11_EXD", "", "C", 60, 60, 36, 0],
		[94, "HDR1_12", 808.98, 1738.23, "T", "SMD", "IO41_EXD", "", "O", 40.16, 114.17, 0, 0],
		[95, "HDR1_12", 808.98, 1689.73, "T", "DIP", "IO41_EXD", "", "C", 60, 60, 36, 0],
		[96, "HDR1_12", 808.98, 1689.73, "B", "DIP", "IO41_EXD", "", "C", 60, 60, 36, 0],
		[97, "HDR1_13", 908.98, 1538.23, "T", "SMD", "IO12_EXD", "", "O", 40.16, 114.17, 0, 0],
		[98, "HDR1_13", 908.98, 1589.73, "T", "DIP", "IO12_EXD", "", "C", 60, 60, 36, 0],
		[99, "HDR1_13", 908.98, 1589.73, "B", "DIP", "IO12_EXD", "", "C", 60, 60, 36, 0],
		[100, "HDR1_14", 908.98, 1738.23, "T", "SMD", "IO40_EXD", "", "O", 40.16, 114.17, 0, 0],
		[101, "HDR1_14", 908.98, 1689.73, "T", "DIP", "IO40_EXD", "", "C", 60, 60, 36, 0],
		[102, "HDR1_14", 908.98, 1689.73, "B", "DIP", "IO40_EXD", "", "C", 60, 60, 36, 0],
		[103, "HDR1_15", 1008.98, 1538.23, "T", "SMD", "IO21_EXD", "", "O", 40.16, 114.17, 0, 0],
		[104, "HDR1_15", 1008.98, 1589.73, "T", "DIP", "IO21_EXD", "", "C", 60, 60, 36, 0],
		[105, "HDR1_15", 1008.98, 1589.73, "B", "DIP", "IO21_EXD", "", "C", 60, 60, 36, 0],
		[106, "HDR1_16", 1008.98, 1738.23, "T", "SMD", "IO39_EXD", "", "O", 40.16, 114.17, 0, 0],
		[107, "HDR1_16", 1008.98, 1689.73, "T", "DIP", "IO39_EXD", "", "C", 60, 60, 36, 0],
		[108, "HDR1_16", 1008.98, 1689.73, "B", "DIP", "IO39_EXD", "", "C", 60, 60, 36, 0],
		[109, "HDR1_17", 1108.98, 1538.23, "T", "SMD", "IO14_EXD", "", "O", 40.16, 114.17, 0, 0],
		[110, "HDR1_17", 1108.98, 1589.73, "T", "DIP", "IO14_EXD", "", "C", 60, 60, 36, 0],
		[111, "HDR1_17", 1108.98, 1589.73, "B", "DIP", "IO14_EXD", "", "C", 60, 60, 36, 0],
		[112, "HDR1_18", 1108.98, 1738.23, "T", "SMD", "IO38_EXD", "", "O", 40.16, 114.17, 0, 0],
		[113, "HDR1_18", 1108.98, 1689.73, "T", "DIP", "IO38_EXD", "", "C", 60, 60, 36, 0],
		[114, "HDR1_18", 1108.98, 1689.73, "B", "DIP", "IO38_EXD", "", "C", 60, 60, 36, 0],
		[115, "HDR1_19", 1208.98, 1538.23, "T", "SMD", "IO13_EXD", "", "O", 40.16, 114.17, 0, 0],
		[116, "HDR1_19", 1208.98, 1589.73, "T", "DIP", "IO13_EXD", "", "C", 60, 60, 36, 0],
		[117, "HDR1_19", 1208.98, 1589.73, "B", "DIP", "IO13_EXD", "", "C", 60, 60, 36, 0],
		[118, "HDR1_20", 1208.98, 1738.23, "T", "SMD", "IO45_EXD", "", "O", 40.16, 114.17, 0, 0],
		[119, "HDR1_20", 1208.98, 1689.73, "T", "DIP", "IO45_EXD", "", "C", 60, 60, 36, 0],
		[120, "HDR1_20", 1208.98, 1689.73, "B", "DIP", "IO45_EXD", "", "C", 60, 60, 36, 0],
		[121, "HDR1_21", 1308.98, 1538.23, "T", "SMD", "IO47_EXD", "", "O", 40.16, 114.17, 0, 0],
		[122, "HDR1_21", 1308.98, 1589.73, "T", "DIP", "IO47_EXD", "", "C", 60, 60, 36, 0],
		[123, "HDR1_21", 1308.98, 1589.73, "B", "DIP", "IO47_EXD", "", "C", 60, 60, 36, 0],
		[124, "HDR1_22", 1308.98, 1738.23, "T", "SMD", "IO48_EXD", "", "O", 40.16, 114.17, 0, 0],
		[125, "HDR1_22", 1308.98, 1689.73, "T", "DIP", "IO48_EXD", "", "C", 60, 60, 36, 0],
		[126, "HDR1_22", 1308.98, 1689.73, "B", "DIP", "IO48_EXD", "", "C", 60, 60, 36, 0],
		[127, "L1_1", 1003.94, 555.12, "T", "SMD", "$1N6054", "", "O", 62.99, 137.79, 0, 180],
		[128, "L1_2", 877.96, 555.12, "T", "SMD", "$1N6052", "", "O", 62.99, 137.79, 0, 180],
		[129, "LED1_1", 1764.08, 690.13, "T", "SMD", "BAT_CHRG", "", "R", 31.5, 31.5, 0, 90],
		[130, "LED1_2", 1827.03, 690.14, "T", "SMD", "$1N8207", "", "R", 31.5, 31.5, 0, 90],
		[131, "LED2_1", 157.49, 315, "T", "SMD", "GND", "GND", "R", 31.5, 31.5, 0, 180],
		[132, "LED2_2", 157.48, 377.95, "T", "SMD", "$1N5555", "", "R", 31.5, 31.5, 0, 180],
		[133, "M1_1", 188.69, 158.86, "T", "DIP", "M1_1", "", "C", 30, 30, 30, 0],
		[134, "M1_1", 188.69, 158.86, "B", "DIP", "M1_1", "", "C", 30, 30, 30, 0],
		[135, "M1_2", 118.11, 199.61, "T", "DIP", "M1_2", "", "C", 30, 30, 30, 0],
		[136, "M1_2", 118.11, 199.61, "B", "DIP", "M1_2", "", "C", 30, 30, 30, 0],
		[137, "M1_3", 118.11, 118.11, "T", "SMD", "M1_3", "", "C", 200, 200, 0, 0],
		[138, "M1_4", 118.11, 118.11, "B", "SMD", "M1_4", "", "C", 196.85, 196.85, 0, 0],
		[139, "M1_5", 47.53, 158.86, "T", "DIP", "M1_5", "", "C", 30, 30, 30, 0],
		[140, "M1_5", 47.53, 158.86, "B", "DIP", "M1_5", "", "C", 30, 30, 30, 0],
		[141, "M1_6", 47.53, 77.36, "T", "DIP", "M1_6", "", "C", 30, 30, 30, 0],
		[142, "M1_6", 47.53, 77.36, "B", "DIP", "M1_6", "", "C", 30, 30, 30, 0],
		[143, "M1_7", 118.11, 118.11, "T", "DIP", "M1_7", "", "C", 125.98, 125.98, 118.11, 0],
		[144, "M1_7", 118.11, 118.11, "B", "DIP", "M1_7", "", "C", 125.98, 125.98, 118.11, 0],
		[145, "M1_8", 118.11, 36.61, "T", "DIP", "M1_8", "", "C", 30, 30, 30, 0],
		[146, "M1_8", 118.11, 36.61, "B", "DIP", "M1_8", "", "C", 30, 30, 30, 0],
		[147, "M1_9", 188.69, 77.36, "T", "DIP", "M1_9", "", "C", 30, 30, 30, 0],
		[148, "M1_9", 188.69, 77.36, "B", "DIP", "M1_9", "", "C", 30, 30, 30, 0],
		[149, "M2_1", 2092.24, 158.86, "T", "DIP", "M2_1", "", "C", 30, 30, 30, 0],
		[150, "M2_1", 2092.24, 158.86, "B", "DIP", "M2_1", "", "C", 30, 30, 30, 0],
		[151, "M2_2", 2021.66, 199.61, "T", "DIP", "M2_2", "", "C", 30, 30, 30, 0],
		[152, "M2_2", 2021.66, 199.61, "B", "DIP", "M2_2", "", "C", 30, 30, 30, 0],
		[153, "M2_3", 2021.66, 118.11, "T", "SMD", "M2_3", "", "C", 200, 200, 0, 0],
		[154, "M2_4", 2021.66, 118.11, "B", "SMD", "M2_4", "", "C", 196.85, 196.85, 0, 0],
		[155, "M2_5", 1951.08, 158.86, "T", "DIP", "M2_5", "", "C", 30, 30, 30, 0],
		[156, "M2_5", 1951.08, 158.86, "B", "DIP", "M2_5", "", "C", 30, 30, 30, 0],
		[157, "M2_6", 1951.08, 77.36, "T", "DIP", "M2_6", "", "C", 30, 30, 30, 0],
		[158, "M2_6", 1951.08, 77.36, "B", "DIP", "M2_6", "", "C", 30, 30, 30, 0],
		[159, "M2_7", 2021.66, 118.11, "T", "DIP", "M2_7", "", "C", 125.98, 125.98, 118.11, 0],
		[160, "M2_7", 2021.66, 118.11, "B", "DIP", "M2_7", "", "C", 125.98, 125.98, 118.11, 0],
		[161, "M2_8", 2021.66, 36.61, "T", "DIP", "M2_8", "", "C", 30, 30, 30, 0],
		[162, "M2_8", 2021.66, 36.61, "B", "DIP", "M2_8", "", "C", 30, 30, 30, 0],
		[163, "M2_9", 2092.24, 77.36, "T", "DIP", "M2_9", "", "C", 30, 30, 30, 0],
		[164, "M2_9", 2092.24, 77.36, "B", "DIP", "M2_9", "", "C", 30, 30, 30, 0],
		[165, "M3_1", 188.69, 1733.66, "T", "DIP", "M3_1", "", "C", 30, 30, 30, 0],
		[166, "M3_1", 188.69, 1733.66, "B", "DIP", "M3_1", "", "C", 30, 30, 30, 0],
		[167, "M3_2", 118.11, 1774.41, "T", "DIP", "M3_2", "", "C", 30, 30, 30, 0],
		[168, "M3_2", 118.11, 1774.41, "B", "DIP", "M3_2", "", "C", 30, 30, 30, 0],
		[169, "M3_3", 118.11, 1692.91, "T", "SMD", "M3_3", "", "C", 200, 200, 0, 0],
		[170, "M3_4", 118.11, 1692.91, "B", "SMD", "M3_4", "", "C", 196.85, 196.85, 0, 0],
		[171, "M3_5", 47.53, 1733.66, "T", "DIP", "M3_5", "", "C", 30, 30, 30, 0],
		[172, "M3_5", 47.53, 1733.66, "B", "DIP", "M3_5", "", "C", 30, 30, 30, 0],
		[173, "M3_6", 47.53, 1652.16, "T", "DIP", "M3_6", "", "C", 30, 30, 30, 0],
		[174, "M3_6", 47.53, 1652.16, "B", "DIP", "M3_6", "", "C", 30, 30, 30, 0],
		[175, "M3_7", 118.11, 1692.91, "T", "DIP", "M3_7", "", "C", 125.98, 125.98, 118.11, 0],
		[176, "M3_7", 118.11, 1692.91, "B", "DIP", "M3_7", "", "C", 125.98, 125.98, 118.11, 0],
		[177, "M3_8", 118.11, 1611.41, "T", "DIP", "M3_8", "", "C", 30, 30, 30, 0],
		[178, "M3_8", 118.11, 1611.41, "B", "DIP", "M3_8", "", "C", 30, 30, 30, 0],
		[179, "M3_9", 188.69, 1652.16, "T", "DIP", "M3_9", "", "C", 30, 30, 30, 0],
		[180, "M3_9", 188.69, 1652.16, "B", "DIP", "M3_9", "", "C", 30, 30, 30, 0],
		[181, "M4_1", 2092.24, 1733.66, "T", "DIP", "M4_1", "", "C", 30, 30, 30, 0],
		[182, "M4_1", 2092.24, 1733.66, "B", "DIP", "M4_1", "", "C", 30, 30, 30, 0],
		[183, "M4_2", 2021.66, 1774.41, "T", "DIP", "M4_2", "", "C", 30, 30, 30, 0],
		[184, "M4_2", 2021.66, 1774.41, "B", "DIP", "M4_2", "", "C", 30, 30, 30, 0],
		[185, "M4_3", 2021.66, 1692.91, "T", "SMD", "M4_3", "", "C", 200, 200, 0, 0],
		[186, "M4_4", 2021.66, 1692.91, "B", "SMD", "M4_4", "", "C", 196.85, 196.85, 0, 0],
		[187, "M4_5", 1951.08, 1733.66, "T", "DIP", "M4_5", "", "C", 30, 30, 30, 0],
		[188, "M4_5", 1951.08, 1733.66, "B", "DIP", "M4_5", "", "C", 30, 30, 30, 0],
		[189, "M4_6", 1951.08, 1652.16, "T", "DIP", "M4_6", "", "C", 30, 30, 30, 0],
		[190, "M4_6", 1951.08, 1652.16, "B", "DIP", "M4_6", "", "C", 30, 30, 30, 0],
		[191, "M4_7", 2021.66, 1692.91, "T", "DIP", "M4_7", "", "C", 125.98, 125.98, 118.11, 0],
		[192, "M4_7", 2021.66, 1692.91, "B", "DIP", "M4_7", "", "C", 125.98, 125.98, 118.11, 0],
		[193, "M4_8", 2021.66, 1611.41, "T", "DIP", "M4_8", "", "C", 30, 30, 30, 0],
		[194, "M4_8", 2021.66, 1611.41, "B", "DIP", "M4_8", "", "C", 30, 30, 30, 0],
		[195, "M4_9", 2092.24, 1652.16, "T", "DIP", "M4_9", "", "C", 30, 30, 30, 0],
		[196, "M4_9", 2092.24, 1652.16, "B", "DIP", "M4_9", "", "C", 30, 30, 30, 0],
		[197, "Q1_1", 1580.71, 828.74, "T", "SMD", "$1N5072", "", "O", 39.37, 31.5, 0, 180],
		[198, "Q1_2", 1580.71, 903.54, "T", "SMD", "AUX_VCC", "", "O", 39.37, 31.5, 0, 180],
		[199, "Q1_3", 1490.16, 866.14, "T", "SMD", "VBAT", "", "O", 39.37, 31.5, 0, 180],
		[200, "Q2_1", 1094.49, 1316.93, "T", "SMD", "$3N631", "", "O", 49.21, 27.56, 0, 180],
		[201, "Q2_2", 1094.49, 1242.13, "T", "SMD", "DTR", "", "O", 49.21, 27.56, 0, 180],
		[202, "Q2_3", 1173.23, 1279.53, "T", "SMD", "IO0_BOOT", "", "O", 49.21, 27.56, 0, 180],
		[203, "Q3_1", 913.39, 1309.06, "T", "SMD", "$3N632", "", "O", 49.21, 27.56, 0, 0],
		[204, "Q3_2", 913.39, 1383.86, "T", "SMD", "RTS", "", "O", 49.21, 27.56, 0, 0],
		[205, "Q3_3", 834.65, 1346.46, "T", "SMD", "EN_RST", "", "O", 49.21, 27.56, 0, 0],
		[206, "R1_1", 1928.87, 909.45, "T", "SMD", "GND", "GND", "R", 31.75, 34.02, 0, 0],
		[207, "R1_2", 1988.19, 909.45, "T", "SMD", "$1N4709", "", "R", 31.75, 34.02, 0, 0],
		[208, "R2_1", 1972.44, 1389.76, "T", "SMD", "$1N4722", "", "R", 31.75, 34.02, 0, 180],
		[209, "R2_2", 1913.12, 1389.76, "T", "SMD", "GND", "GND", "R", 31.75, 34.02, 0, 180],
		[210, "R3_1", 1763.52, 811.02, "T", "SMD", "$1N5072", "", "R", 31.75, 34.02, 0, 0],
		[211, "R3_2", 1822.84, 811.02, "T", "SMD", "USB_5V", "", "R", 31.75, 34.02, 0, 0],
		[212, "R4_1", 1645.67, 846.46, "T", "SMD", "GND", "GND", "R", 31.75, 34.02, 0, 0],
		[213, "R4_2", 1704.99, 846.46, "T", "SMD", "USB_5V", "", "R", 31.75, 34.02, 0, 0],
		[214, "R6_1", 1763.94, 628.81, "T", "SMD", "USB_5V", "", "R", 31.75, 34.02, 0, 0],
		[215, "R6_2", 1823.26, 628.81, "T", "SMD", "$1N8206", "", "R", 31.75, 34.02, 0, 0],
		[216, "R7_1", 1763.94, 751.88, "T", "SMD", "USB_5V", "", "R", 31.75, 34.02, 0, 0],
		[217, "R7_2", 1823.26, 751.88, "T", "SMD", "$1N8207", "", "R", 31.75, 34.02, 0, 0],
		[218, "R8_1", 899.17, 807.09, "T", "SMD", "$1N6052", "", "R", 31.75, 34.02, 0, 0],
		[219, "R8_2", 958.49, 807.09, "T", "SMD", "VCC_3V3", "", "R", 31.75, 34.02, 0, 0],
		[220, "R9_1", 1349.73, 717.91, "T", "SMD", "GND", "GND", "R", 31.75, 34.02, 0, 0],
		[221, "R9_2", 1409.05, 717.91, "T", "SMD", "$1N8211", "", "R", 31.75, 34.02, 0, 0],
		[222, "R10_1", 1086.75, 797.24, "T", "SMD", "$1N6057", "", "R", 31.75, 34.02, 0, 180],
		[223, "R10_2", 1027.43, 797.24, "T", "SMD", "$1N6058", "", "R", 31.75, 34.02, 0, 180],
		[224, "R11_1", 1216.98, 760.54, "T", "SMD", "$1N6055", "", "R", 31.75, 34.02, 0, 90],
		[225, "R11_2", 1216.98, 819.86, "T", "SMD", "$1N6052", "", "R", 31.75, 34.02, 0, 90],
		[226, "R12_1", 37.28, 318.9, "T", "SMD", "VCC_3V3", "", "R", 31.75, 34.02, 0, 0],
		[227, "R12_2", 96.6, 318.9, "T", "SMD", "$1N5555", "", "R", 31.75, 34.02, 0, 0],
		[228, "R14_1", 1279.53, 760.54, "T", "SMD", "GND", "GND", "R", 31.75, 34.02, 0, 90],
		[229, "R14_2", 1279.53, 819.86, "T", "SMD", "$1N6055", "", "R", 31.75, 34.02, 0, 90],
		[230, "R15_1", 37.28, 378.04, "T", "SMD", "VCC_3V3", "", "R", 31.75, 34.02, 0, 0],
		[231, "R15_2", 96.6, 378.04, "T", "SMD", "$2N631", "", "R", 31.75, 34.02, 0, 0],
		[232, "R16_1", 158.09, 440.11, "T", "SMD", "EN_RST", "", "R", 31.75, 34.02, 0, 0],
		[233, "R16_2", 217.41, 440.11, "T", "SMD", "$2N631", "", "R", 31.75, 34.02, 0, 0],
		[234, "R17_1", 665.22, 484.12, "T", "SMD", "$2N769", "", "R", 31.75, 34.02, 0, 0],
		[235, "R17_2", 724.54, 484.12, "T", "SMD", "IO19_USB_D-", "", "R", 31.75, 34.02, 0, 0],
		[236, "R18_1", 665.22, 542.14, "T", "SMD", "$2N764", "", "R", 31.75, 34.02, 0, 0],
		[237, "R18_2", 724.54, 542.14, "T", "SMD", "IO20_USB_D+", "", "R", 31.75, 34.02, 0, 0],
		[238, "R19_1", 1035.7, 1255.91, "T", "SMD", "$3N631", "", "R", 31.75, 34.02, 0, 180],
		[239, "R19_2", 976.38, 1255.91, "T", "SMD", "RTS", "", "R", 31.75, 34.02, 0, 180],
		[240, "R21_1", 923.36, 885.83, "T", "SMD", "$3N640", "", "R", 31.75, 34.02, 0, 180],
		[241, "R21_2", 864.04, 885.83, "T", "SMD", "IO44_RX", "", "R", 31.75, 34.02, 0, 180],
		[242, "R23_1", 980.05, 885.83, "T", "SMD", "$3N641", "", "R", 31.75, 34.02, 0, 0],
		[243, "R23_2", 1039.37, 885.83, "T", "SMD", "IO43_TX", "", "R", 31.75, 34.02, 0, 0],
		[244, "R29_1", 976.11, 1311.02, "T", "SMD", "$3N632", "", "R", 31.75, 34.02, 0, 0],
		[245, "R29_2", 1035.43, 1311.02, "T", "SMD", "DTR", "", "R", 31.75, 34.02, 0, 0],
		[246, "R31_1", 1437.95, 905.25, "T", "SMD", "GND", "GND", "R", 31.75, 34.02, 0, 90],
		[247, "R31_2", 1437.95, 964.57, "T", "SMD", "SD_MODE", "", "R", 31.75, 34.02, 0, 90],
		[248, "R32_1", 1379.94, 905.25, "T", "SMD", "MAX_3V3", "", "R", 31.75, 34.02, 0, 90],
		[249, "R32_2", 1379.94, 964.57, "T", "SMD", "SD_MODE", "", "R", 31.75, 34.02, 0, 90],
		[250, "R33_1", 1263.9, 905.25, "T", "SMD", "GND", "GND", "R", 31.75, 34.02, 0, 90],
		[251, "R33_2", 1263.9, 964.57, "T", "SMD", "GAIN_CTRL", "", "R", 31.75, 34.02, 0, 90],
		[252, "R34_1", 1321.92, 905.25, "T", "SMD", "MAX_3V3", "", "R", 31.75, 34.02, 0, 90],
		[253, "R34_2", 1321.92, 964.57, "T", "SMD", "GAIN_CTRL", "", "R", 31.75, 34.02, 0, 90],
		[254, "R35_1", 1500, 1228.35, "T", "SMD", "VCC_3V3", "", "R", 31.75, 34.02, 0, 270],
		[255, "R35_2", 1500, 1169.03, "T", "SMD", "MAX_3V3", "", "R", 31.75, 34.02, 0, 270],
		[256, "R36_1", 1317.87, 1173.23, "T", "SMD", "$3N2290", "", "R", 31.75, 34.02, 0, 90],
		[257, "R36_2", 1317.87, 1232.55, "T", "SMD", "$3N2292", "", "R", 31.75, 34.02, 0, 90],
		[258, "R37_1", 1375.88, 1173.23, "T", "SMD", "$3N2291", "", "R", 31.75, 34.02, 0, 90],
		[259, "R37_2", 1375.88, 1232.55, "T", "SMD", "$3N2293", "", "R", 31.75, 34.02, 0, 90],
		[260, "R38_1", 276.78, 450.76, "T", "SMD", "ASR_PB6", "", "R", 31.75, 34.02, 0, 90],
		[261, "R38_2", 276.78, 510.08, "T", "SMD", "IO43_TX", "", "R", 31.75, 34.02, 0, 90],
		[262, "R39_1", 334.8, 450.76, "T", "SMD", "ASR_PB5", "", "R", 31.75, 34.02, 0, 90],
		[263, "R39_2", 334.8, 510.08, "T", "SMD", "IO44_RX", "", "R", 31.75, 34.02, 0, 90],
		[264, "R42_1", 451, 508.95, "T", "SMD", "$4N967", "", "R", 31.75, 34.02, 0, 180],
		[265, "R42_2", 391.68, 508.95, "T", "SMD", "IO7_KNOB", "", "R", 31.75, 34.02, 0, 180],
		[266, "R43_1", 1806.82, 362.2, "T", "SMD", "$4N1500", "", "R", 31.75, 34.02, 0, 0],
		[267, "R43_2", 1866.14, 362.2, "T", "SMD", "IO10_BTN", "", "R", 31.75, 34.02, 0, 0],
		[268, "R44_1", 604.63, 510, "T", "SMD", "$4N844", "", "R", 31.75, 34.02, 0, 180],
		[269, "R44_2", 545.31, 510, "T", "SMD", "IO18_LED", "", "R", 31.75, 34.02, 0, 180],
		[270, "R45_1", 2043.93, 909.45, "T", "SMD", "$1N11656", "", "R", 31.75, 34.02, 0, 0],
		[271, "R45_2", 2103.25, 909.45, "T", "SMD", "GND", "GND", "R", 31.75, 34.02, 0, 0],
		[272, "R46_1", 1909.18, 421.26, "T", "SMD", "GND", "GND", "R", 31.75, 34.02, 0, 0],
		[273, "R46_2", 1968.51, 421.26, "T", "SMD", "$1N11663", "", "R", 31.75, 34.02, 0, 0],
		[274, "R47_1", 1582.68, 487.92, "T", "SMD", "IO8_BAT_ADC", "", "R", 31.75, 34.02, 0, 90],
		[275, "R47_2", 1582.68, 547.24, "T", "SMD", "VBAT", "", "R", 31.75, 34.02, 0, 90],
		[276, "R48_1", 1704.73, 488.19, "T", "SMD", "GND", "GND", "R", 31.75, 34.02, 0, 180],
		[277, "R48_2", 1645.41, 488.19, "T", "SMD", "IO8_BAT_ADC", "", "R", 31.75, 34.02, 0, 180],
		[278, "R49_1", 33.11, 1535.04, "T", "SMD", "$3N9618", "", "R", 31.75, 34.02, 0, 0],
		[279, "R49_2", 92.43, 1535.04, "T", "SMD", "VCC_3V3", "", "R", 31.75, 34.02, 0, 0],
		[280, "R50_1", 224.28, 1380.31, "T", "SMD", "$3N9620", "", "R", 31.75, 34.02, 0, 0],
		[281, "R50_2", 283.6, 1380.31, "T", "SMD", "GND", "GND", "R", 31.75, 34.02, 0, 0],
		[282, "R51_1", 342.13, 1379.79, "T", "SMD", "$3N9620", "", "R", 31.75, 34.02, 0, 90],
		[283, "R51_2", 342.13, 1439.11, "T", "SMD", "VCC_3V3", "", "R", 31.75, 34.02, 0, 90],
		[284, "R53_1", 282.55, 1440.15, "T", "SMD", "GND", "GND", "R", 31.75, 34.02, 0, 180],
		[285, "R53_2", 223.23, 1440.15, "T", "SMD", "IO6_SD", "", "R", 31.75, 34.02, 0, 180],
		[286, "SW2_1", 2100.95, 1556.46, "T", "SMD", "SW2_1", "", "O", 35.43, 47.24, 0, 270],
		[287, "SW2_2", 2100.95, 1375.36, "T", "SMD", "SW2_2", "", "O", 35.43, 47.24, 0, 90],
		[288, "SW2_3", 2039.93, 1531.85, "T", "SMD", "IO0_BOOT", "", "O", 47.24, 51.18, 0, 90],
		[289, "SW2_4", 2039.93, 1399.96, "T", "SMD", "GND", "GND", "O", 47.24, 51.18, 0, 90],
		[290, "SW3_1", 2100.95, 446.61, "T", "SMD", "SW3_1", "", "O", 35.43, 47.24, 0, 270],
		[291, "SW3_2", 2100.95, 265.51, "T", "SMD", "SW3_2", "", "O", 35.43, 47.24, 0, 90],
		[292, "SW3_3", 2039.93, 422, "T", "SMD", "EN_RST", "", "O", 47.24, 51.18, 0, 90],
		[293, "SW3_4", 2039.93, 290.11, "T", "SMD", "GND", "GND", "O", 47.24, 51.18, 0, 90],
		[294, "SW4_1", 1801.18, 1243.13, "T", "SMD", "SW4_1", "", "O", 47.24, 78.74, 0, 90],
		[295, "SW4_2", 1801.18, 1144.71, "T", "SMD", "SW4_2", "", "O", 47.24, 78.74, 0, 90],
		[296, "SW4_3", 1801.18, 1046.29, "T", "SMD", "SW4_3", "", "O", 47.24, 78.74, 0, 90],
		[297, "SW4_4", 1576.77, 1243.13, "T", "SMD", "AUX_VCC", "", "O", 47.24, 78.74, 0, 90],
		[298, "SW4_5", 1576.78, 1144.71, "T", "SMD", "VCC_BOARD", "", "O", 47.24, 78.74, 0, 90],
		[299, "SW4_6", 1576.77, 1046.29, "T", "SMD", "SW4_6", "", "O", 47.24, 78.74, 0, 90],
		[300, "U1_17", 1924.8, 1314.24, "T", "DIP", "GND", "GND", "O", 47.24, 94.49, 66.93, 90],
		[301, "U1_17", 1924.8, 1314.24, "B", "DIP", "GND", "GND", "O", 47.24, 94.49, 66.93, 90],
		[302, "U1_18", 2089.37, 1314.24, "T", "DIP", "GND", "GND", "O", 47.24, 70.87, 47.24, 90],
		[303, "U1_18", 2089.37, 1314.24, "B", "DIP", "GND", "GND", "O", 47.24, 70.87, 47.24, 90],
		[304, "U1_19", 2089.37, 974.08, "T", "DIP", "GND", "GND", "O", 47.24, 70.87, 47.24, 90],
		[305, "U1_19", 2089.37, 974.08, "B", "DIP", "GND", "GND", "O", 47.24, 70.87, 47.24, 90],
		[306, "U1_20", 1924.8, 974.09, "T", "DIP", "GND", "GND", "O", 47.24, 94.49, 66.93, 90],
		[307, "U1_20", 1924.8, 974.09, "B", "DIP", "GND", "GND", "O", 47.24, 94.49, 66.93, 90],
		[308, "U1_A1", 1894.54, 1012.27, "T", "SMD", "GND", "GND", "O", 11.81, 44.88, 0, 90],
		[309, "U1_A12", 1894.49, 1276.05, "T", "SMD", "GND", "GND", "O", 11.81, 44.88, 0, 90],
		[310, "U1_A4", 1894.65, 1043.76, "T", "SMD", "USB_5V", "", "O", 11.81, 44.88, 0, 90],
		[311, "U1_A5", 1894.49, 1094.95, "T", "SMD", "$1N4709", "", "O", 11.81, 44.88, 0, 90],
		[312, "U1_A6", 1894.49, 1134.32, "T", "SMD", "IO20_USB_D+", "", "O", 11.81, 44.88, 0, 90],
		[313, "U1_A7", 1894.54, 1154, "T", "SMD", "IO19_USB_D-", "", "O", 11.81, 44.88, 0, 90],
		[314, "U1_A8", 1894.49, 1193.36, "T", "SMD", "U1_A8", "", "O", 11.81, 44.88, 0, 90],
		[315, "U1_A9", 1894.49, 1244.55, "T", "SMD", "USB_5V", "", "O", 11.81, 44.88, 0, 90],
		[316, "U1_B1", 1894.49, 1264.24, "T", "SMD", "GND", "GND", "O", 11.81, 44.88, 0, 90],
		[317, "U1_B12", 1894.54, 1024.08, "T", "SMD", "GND", "GND", "O", 11.81, 44.88, 0, 90],
		[318, "U1_B4", 1894.49, 1232.74, "T", "SMD", "USB_5V", "", "O", 11.81, 44.88, 0, 90],
		[319, "U1_B5", 1894.49, 1213.06, "T", "SMD", "$1N4722", "", "O", 11.81, 44.88, 0, 90],
		[320, "U1_B6", 1894.49, 1173.69, "T", "SMD", "IO20_USB_D+", "", "O", 11.81, 44.88, 0, 90],
		[321, "U1_B7", 1894.54, 1114.63, "T", "SMD", "IO19_USB_D-", "", "O", 11.81, 44.88, 0, 90],
		[322, "U1_B8", 1894.49, 1075.26, "T", "SMD", "U1_B8", "", "O", 11.81, 44.88, 0, 90],
		[323, "U1_B9", 1894.65, 1055.58, "T", "SMD", "USB_5V", "", "O", 11.81, 44.88, 0, 90],
		[324, "U2_1", 1477.46, 767.91, "T", "SMD", "GND", "GND", "O", 23.62, 70.87, 0, 270],
		[325, "U2_2", 1477.46, 717.91, "T", "SMD", "$1N8211", "", "O", 23.62, 70.87, 0, 270],
		[326, "U2_3", 1477.46, 667.91, "T", "SMD", "GND", "GND", "O", 23.62, 70.87, 0, 270],
		[327, "U2_4", 1477.46, 617.91, "T", "SMD", "USB_5V", "", "O", 23.62, 70.87, 0, 270],
		[328, "U2_5", 1695.77, 617.91, "T", "SMD", "VBAT", "", "O", 23.62, 70.87, 0, 270],
		[329, "U2_6", 1695.77, 667.91, "T", "SMD", "BAT_STBY", "", "O", 23.62, 70.87, 0, 270],
		[330, "U2_7", 1695.77, 717.91, "T", "SMD", "BAT_CHRG", "", "O", 23.62, 70.87, 0, 270],
		[331, "U2_8", 1695.77, 767.91, "T", "SMD", "USB_5V", "", "O", 23.62, 70.87, 0, 270],
		[332, "U2_9", 1586.61, 692.91, "T", "SMD", "GND", "GND", "R", 90.16, 90.16, 0, 270],
		[333, "U3_1", 1010.85, 738.09, "T", "SMD", "$1N6058", "", "O", 23.62, 39.37, 0, 270],
		[334, "U3_2", 1010.85, 700.69, "T", "SMD", "GND", "GND", "O", 23.62, 39.37, 0, 270],
		[335, "U3_3", 1010.84, 663.29, "T", "SMD", "$1N6054", "", "O", 23.62, 39.37, 0, 270],
		[336, "U3_4", 1097.46, 663.29, "T", "SMD", "$1N6057", "", "O", 23.62, 39.37, 0, 270],
		[337, "U3_5", 1097.46, 738.09, "T", "SMD", "$1N6055", "", "O", 23.62, 39.37, 0, 270],
		[338, "U4_1", 1764.08, 566.93, "T", "SMD", "BAT_STBY", "", "R", 31.5, 31.5, 0, 90],
		[339, "U4_2", 1827.03, 567.2, "T", "SMD", "$1N8206", "", "R", 31.5, 31.5, 0, 90],
		[340, "U5_1", 59.8, 609.78, "T", "SMD", "GND", "GND", "O", 59.05, 35.43, 0, 90],
		[341, "U5_2", 109.8, 609.78, "T", "SMD", "$2N631", "", "O", 59.05, 35.43, 0, 90],
		[342, "U5_3", 159.8, 609.78, "T", "SMD", "EN_RST", "", "O", 59.05, 35.43, 0, 90],
		[343, "U5_4", 209.8, 609.78, "T", "SMD", "IO4_SCK", "", "O", 59.05, 35.43, 0, 90],
		[344, "U5_5", 259.81, 609.78, "T", "SMD", "IO5_WS", "", "O", 59.05, 35.43, 0, 90],
		[345, "U5_6", 309.81, 609.78, "T", "SMD", "IO6_SD", "", "O", 59.05, 35.43, 0, 90],
		[346, "U5_7", 359.81, 609.78, "T", "SMD", "IO7_KNOB", "", "O", 59.05, 35.43, 0, 90],
		[347, "U5_8", 409.81, 609.78, "T", "SMD", "IO15_DIN", "", "O", 59.05, 35.43, 0, 90],
		[348, "U5_9", 459.81, 609.78, "T", "SMD", "IO16_BCLK", "", "O", 59.05, 35.43, 0, 90],
		[349, "U5_10", 509.81, 609.78, "T", "SMD", "IO17_LR", "", "O", 59.05, 35.43, 0, 90],
		[350, "U5_11", 559.8, 609.78, "T", "SMD", "IO18_LED", "", "O", 59.05, 35.43, 0, 90],
		[351, "U5_12", 609.8, 609.78, "T", "SMD", "IO8_BAT_ADC", "", "O", 59.05, 35.43, 0, 90],
		[352, "U5_13", 659.8, 609.78, "T", "SMD", "$2N769", "", "O", 59.05, 35.43, 0, 90],
		[353, "U5_14", 709.8, 609.78, "T", "SMD", "$2N764", "", "O", 59.05, 35.43, 0, 90],
		[354, "U5_15", 760.19, 679.27, "T", "SMD", "IO3_EXD", "", "O", 59.05, 35.43, 0, 180],
		[355, "U5_16", 760.19, 729.27, "T", "SMD", "IO46_EXD", "", "O", 59.05, 35.43, 0, 180],
		[356, "U5_17", 760.19, 779.27, "T", "SMD", "IO9_EXD", "", "O", 59.05, 35.43, 0, 180],
		[357, "U5_18", 760.19, 829.27, "T", "SMD", "IO10_BTN", "", "O", 59.05, 35.43, 0, 180],
		[358, "U5_19", 760.19, 879.27, "T", "SMD", "IO11_EXD", "", "O", 59.05, 35.43, 0, 180],
		[359, "U5_20", 760.19, 929.27, "T", "SMD", "IO12_EXD", "", "O", 59.05, 35.43, 0, 180],
		[360, "U5_21", 760.19, 979.27, "T", "SMD", "IO13_EXD", "", "O", 59.05, 35.43, 0, 180],
		[361, "U5_22", 760.19, 1029.27, "T", "SMD", "IO14_EXD", "", "O", 59.05, 35.43, 0, 180],
		[362, "U5_23", 760.19, 1079.27, "T", "SMD", "IO21_EXD", "", "O", 59.05, 35.43, 0, 180],
		[363, "U5_24", 760.19, 1129.27, "T", "SMD", "IO47_EXD", "", "O", 59.05, 35.43, 0, 180],
		[364, "U5_25", 760.19, 1179.27, "T", "SMD", "IO48_EXD", "", "O", 59.05, 35.43, 0, 180],
		[365, "U5_26", 759.01, 1229.27, "T", "SMD", "IO45_EXD", "", "O", 59.05, 35.43, 0, 180],
		[366, "U5_27", 709.81, 1298.76, "T", "SMD", "IO0_BOOT", "", "O", 59.05, 35.43, 0, 270],
		[367, "U5_28", 659.81, 1298.76, "T", "SMD", "U5_28", "", "O", 59.05, 35.43, 0, 270],
		[368, "U5_29", 609.81, 1298.76, "T", "SMD", "U5_29", "", "O", 59.05, 35.43, 0, 270],
		[369, "U5_30", 559.81, 1298.76, "T", "SMD", "U5_30", "", "O", 59.05, 35.43, 0, 270],
		[370, "U5_31", 509.81, 1298.76, "T", "SMD", "IO38_EXD", "", "O", 59.05, 35.43, 0, 270],
		[371, "U5_32", 459.81, 1298.76, "T", "SMD", "IO39_EXD", "", "O", 59.05, 35.43, 0, 270],
		[372, "U5_33", 409.81, 1298.76, "T", "SMD", "IO40_EXD", "", "O", 59.05, 35.43, 0, 270],
		[373, "U5_34", 359.81, 1298.76, "T", "SMD", "IO41_EXD", "", "O", 59.05, 35.43, 0, 270],
		[374, "U5_35", 309.81, 1298.76, "T", "SMD", "IO42_EXD", "", "O", 59.05, 35.43, 0, 270],
		[375, "U5_36", 259.81, 1298.76, "T", "SMD", "IO44_RX", "", "O", 59.05, 35.43, 0, 270],
		[376, "U5_37", 209.81, 1298.76, "T", "SMD", "IO43_TX", "", "O", 59.05, 35.43, 0, 270],
		[377, "U5_38", 159.81, 1298.76, "T", "SMD", "IO2_EXD", "", "O", 59.05, 35.43, 0, 270],
		[378, "U5_39", 109.81, 1298.76, "T", "SMD", "IO1_EXD", "", "O", 59.05, 35.43, 0, 270],
		[379, "U5_40", 59.8, 1298.76, "T", "SMD", "GND", "GND", "O", 59.05, 35.43, 0, 270],
		[380, "U5_41", 418.87, 950.33, "T", "SMD", "GND", "GND", "O", 35.43, 35.43, 0, 180],
		[381, "U5_41", 418.87, 895.21, "T", "SMD", "GND", "GND", "O", 35.43, 35.43, 0, 180],
		[382, "U5_41", 418.87, 840.09, "T", "SMD", "GND", "GND", "O", 35.43, 35.43, 0, 180],
		[383, "U5_41", 308.63, 840.09, "T", "SMD", "GND", "GND", "O", 35.43, 35.43, 0, 180],
		[384, "U5_41", 308.63, 895.21, "T", "SMD", "GND", "GND", "O", 35.43, 35.43, 0, 180],
		[385, "U5_41", 308.63, 950.33, "T", "SMD", "GND", "GND", "O", 35.43, 35.43, 0, 180],
		[386, "U5_41", 363.75, 950.33, "T", "SMD", "GND", "GND", "O", 35.43, 35.43, 0, 180],
		[387, "U5_41", 363.75, 840.09, "T", "SMD", "GND", "GND", "O", 35.43, 35.43, 0, 180],
		[388, "U5_41", 363.75, 895.21, "T", "SMD", "GND", "GND", "O", 35.43, 35.43, 0, 180],
		[389, "U6_1", 848.62, 953.84, "T", "SMD", "GND", "GND", "O", 22.05, 68.7, 0, 0],
		[390, "U6_2", 898.62, 953.84, "T", "SMD", "$3N640", "", "O", 22.05, 68.7, 0, 0],
		[391, "U6_3", 948.62, 953.84, "T", "SMD", "$3N641", "", "O", 22.05, 68.7, 0, 0],
		[392, "U6_4", 998.62, 953.84, "T", "SMD", "CH_3V3", "", "O", 22.05, 68.7, 0, 0],
		[393, "U6_5", 1048.62, 953.84, "T", "SMD", "USB_D+", "", "O", 22.05, 68.7, 0, 0],
		[394, "U6_6", 1098.62, 953.84, "T", "SMD", "USB_D-", "", "O", 22.05, 68.7, 0, 0],
		[395, "U6_7", 1148.62, 953.84, "T", "SMD", "U6_7", "", "O", 22.05, 68.7, 0, 0],
		[396, "U6_8", 1198.62, 953.84, "T", "SMD", "U6_8", "", "O", 22.05, 68.7, 0, 0],
		[397, "U6_9", 1198.62, 1180.02, "T", "SMD", "U6_9", "", "O", 22.05, 68.7, 0, 0],
		[398, "U6_10", 1148.62, 1180.02, "T", "SMD", "U6_10", "", "O", 22.05, 68.7, 0, 0],
		[399, "U6_11", 1098.62, 1180.02, "T", "SMD", "U6_11", "", "O", 22.05, 68.7, 0, 0],
		[400, "U6_12", 1048.62, 1180.02, "T", "SMD", "U6_12", "", "O", 22.05, 68.7, 0, 0],
		[401, "U6_13", 998.62, 1180.02, "T", "SMD", "DTR", "", "O", 22.05, 68.7, 0, 0],
		[402, "U6_14", 948.62, 1180.02, "T", "SMD", "RTS", "", "O", 22.05, 68.7, 0, 0],
		[403, "U6_15", 898.62, 1180.02, "T", "SMD", "U6_15", "", "O", 22.05, 68.7, 0, 0],
		[404, "U6_16", 848.62, 1180.02, "T", "SMD", "VCC_3V3", "", "O", 22.05, 68.7, 0, 0],
		[405, "U8_1", 1299.67, 1014.17, "T", "SMD", "IO15_DIN", "", "O", 9.84, 23.62, 0, 180],
		[406, "U8_2", 1319.35, 1014.17, "T", "SMD", "GAIN_CTRL", "", "O", 9.84, 23.62, 0, 180],
		[407, "U8_3", 1339.04, 1014.17, "T", "SMD", "GND", "GND", "O", 9.84, 23.62, 0, 180],
		[408, "U8_4", 1358.72, 1014.17, "T", "SMD", "SD_MODE", "", "O", 9.84, 23.62, 0, 180],
		[409, "U8_5", 1388.19, 1043.78, "T", "SMD", "U8_5", "", "O", 9.84, 23.62, 0, 270],
		[410, "U8_6", 1388.19, 1063.46, "T", "SMD", "U8_6", "", "O", 9.84, 23.62, 0, 270],
		[411, "U8_7", 1388.19, 1083.15, "T", "SMD", "MAX_3V3", "", "O", 9.84, 23.62, 0, 270],
		[412, "U8_8", 1388.19, 1102.83, "T", "SMD", "MAX_3V3", "", "O", 9.84, 23.62, 0, 270],
		[413, "U8_9", 1358.66, 1132.28, "T", "SMD", "$3N2291", "", "O", 9.84, 23.62, 0, 0],
		[414, "U8_10", 1338.98, 1132.28, "T", "SMD", "$3N2290", "", "O", 9.84, 23.62, 0, 0],
		[415, "U8_11", 1319.29, 1132.28, "T", "SMD", "GND", "GND", "O", 9.84, 23.62, 0, 0],
		[416, "U8_12", 1299.67, 1132.28, "T", "SMD", "U8_12", "", "O", 9.84, 23.62, 0, 0],
		[417, "U8_13", 1270.08, 1102.83, "T", "SMD", "U8_13", "", "O", 9.84, 23.62, 0, 90],
		[418, "U8_14", 1270.08, 1083.15, "T", "SMD", "IO17_LR", "", "O", 9.84, 23.62, 0, 90],
		[419, "U8_15", 1270.08, 1063.46, "T", "SMD", "GND", "GND", "O", 9.84, 23.62, 0, 90],
		[420, "U8_16", 1270.08, 1043.78, "T", "SMD", "IO16_BCLK", "", "O", 9.84, 23.62, 0, 90],
		[421, "U8_17", 1329.14, 1073.22, "T", "SMD", "GND", "GND", "R", 59.05, 59.05, 0, 90],
		[422, "U9_17", 1924.8, 847.9, "T", "DIP", "GND", "GND", "O", 47.24, 94.49, 66.93, 90],
		[423, "U9_17", 1924.8, 847.9, "B", "DIP", "GND", "GND", "O", 47.24, 94.49, 66.93, 90],
		[424, "U9_18", 2089.37, 847.9, "T", "DIP", "GND", "GND", "O", 47.24, 70.87, 47.24, 90],
		[425, "U9_18", 2089.37, 847.9, "B", "DIP", "GND", "GND", "O", 47.24, 70.87, 47.24, 90],
		[426, "U9_19", 2089.37, 507.74, "T", "DIP", "GND", "GND", "O", 47.24, 70.87, 47.24, 90],
		[427, "U9_19", 2089.37, 507.74, "B", "DIP", "GND", "GND", "O", 47.24, 70.87, 47.24, 90],
		[428, "U9_20", 1924.8, 507.75, "T", "DIP", "GND", "GND", "O", 47.24, 94.49, 66.93, 90],
		[429, "U9_20", 1924.8, 507.75, "B", "DIP", "GND", "GND", "O", 47.24, 94.49, 66.93, 90],
		[430, "U9_A1", 1894.54, 545.93, "T", "SMD", "GND", "GND", "O", 11.81, 44.88, 0, 90],
		[431, "U9_A12", 1894.49, 809.71, "T", "SMD", "GND", "GND", "O", 11.81, 44.88, 0, 90],
		[432, "U9_A4", 1894.65, 577.42, "T", "SMD", "USB_5V", "", "O", 11.81, 44.88, 0, 90],
		[433, "U9_A5", 1894.49, 628.61, "T", "SMD", "$1N11663", "", "O", 11.81, 44.88, 0, 90],
		[434, "U9_A6", 1894.49, 667.98, "T", "SMD", "USB_D+", "", "O", 11.81, 44.88, 0, 90],
		[435, "U9_A7", 1894.54, 687.66, "T", "SMD", "USB_D-", "", "O", 11.81, 44.88, 0, 90],
		[436, "U9_A8", 1894.49, 727.02, "T", "SMD", "U9_A8", "", "O", 11.81, 44.88, 0, 90],
		[437, "U9_A9", 1894.49, 778.21, "T", "SMD", "USB_5V", "", "O", 11.81, 44.88, 0, 90],
		[438, "U9_B1", 1894.49, 797.9, "T", "SMD", "GND", "GND", "O", 11.81, 44.88, 0, 90],
		[439, "U9_B12", 1894.54, 557.74, "T", "SMD", "GND", "GND", "O", 11.81, 44.88, 0, 90],
		[440, "U9_B4", 1894.49, 766.4, "T", "SMD", "USB_5V", "", "O", 11.81, 44.88, 0, 90],
		[441, "U9_B5", 1894.49, 746.72, "T", "SMD", "$1N11656", "", "O", 11.81, 44.88, 0, 90],
		[442, "U9_B6", 1894.49, 707.35, "T", "SMD", "USB_D+", "", "O", 11.81, 44.88, 0, 90],
		[443, "U9_B7", 1894.54, 648.29, "T", "SMD", "USB_D-", "", "O", 11.81, 44.88, 0, 90],
		[444, "U9_B8", 1894.49, 608.92, "T", "SMD", "U9_B8", "", "O", 11.81, 44.88, 0, 90],
		[445, "U9_B9", 1894.65, 589.24, "T", "SMD", "USB_5V", "", "O", 11.81, 44.88, 0, 90],
		[446, "U10_1", 1020.66, 359.07, "T", "SMD", "VCC_3V3", "", "O", 51.18, 173.23, 0, 0],
		[447, "U10_1", 1020.66, 286.51, "T", "DIP", "VCC_3V3", "", "C", 60, 60, 36, 0],
		[448, "U10_1", 1020.66, 286.51, "B", "DIP", "VCC_3V3", "", "C", 60, 60, 36, 0],
		[449, "U10_1", 1020.66, 164.68, "T", "DIP", "VCC_3V3", "", "C", 60, 60, 36, 0],
		[450, "U10_1", 1020.66, 164.68, "B", "DIP", "VCC_3V3", "", "C", 60, 60, 36, 0],
		[451, "U10_2", 1119.09, 359.07, "T", "SMD", "GND", "GND", "O", 51.18, 173.23, 0, 0],
		[452, "U10_2", 1119.09, 286.51, "T", "DIP", "GND", "GND", "C", 60, 60, 36, 0],
		[453, "U10_2", 1119.09, 286.51, "B", "DIP", "GND", "GND", "C", 60, 60, 36, 0],
		[454, "U10_2", 1119.09, 164.68, "T", "DIP", "GND", "GND", "C", 60, 60, 36, 0],
		[455, "U10_2", 1119.09, 164.68, "B", "DIP", "GND", "GND", "C", 60, 60, 36, 0],
		[456, "U10_3", 1217.51, 359.07, "T", "SMD", "$4N844", "", "O", 51.18, 173.23, 0, 0],
		[457, "U10_3", 1217.51, 286.51, "T", "DIP", "$4N844", "", "C", 60, 60, 36, 0],
		[458, "U10_3", 1217.51, 286.51, "B", "DIP", "$4N844", "", "C", 60, 60, 36, 0],
		[459, "U10_3", 1217.51, 164.68, "T", "DIP", "$4N844", "", "C", 60, 60, 36, 0],
		[460, "U10_3", 1217.51, 164.68, "B", "DIP", "$4N844", "", "C", 60, 60, 36, 0],
		[461, "U10_4", 1331.68, 88.41, "T", "SMD", "GND", "GND", "O", 70.87, 151.57, 0, 0],
		[462, "U10_5", 906.49, 88.41, "T", "SMD", "GND", "GND", "O", 70.87, 151.57, 0, 0],
		[463, "U11_1", 1739.34, 1442.9, "T", "SMD", "VCC_3V3", "", "O", 51.18, 173.23, 0, 180],
		[464, "U11_1", 1739.34, 1515.24, "T", "DIP", "VCC_3V3", "", "C", 60, 60, 36, 180],
		[465, "U11_1", 1739.34, 1515.24, "B", "DIP", "VCC_3V3", "", "C", 60, 60, 36, 180],
		[466, "U11_1", 1739.34, 1637.29, "T", "DIP", "VCC_3V3", "", "C", 60, 60, 36, 180],
		[467, "U11_1", 1739.34, 1637.29, "B", "DIP", "VCC_3V3", "", "C", 60, 60, 36, 180],
		[468, "U11_2", 1640.91, 1442.9, "T", "SMD", "GND", "GND", "O", 51.18, 173.23, 0, 180],
		[469, "U11_2", 1640.91, 1515.24, "T", "DIP", "GND", "GND", "C", 60, 60, 36, 180],
		[470, "U11_2", 1640.91, 1515.24, "B", "DIP", "GND", "GND", "C", 60, 60, 36, 180],
		[471, "U11_2", 1640.91, 1637.29, "T", "DIP", "GND", "GND", "C", 60, 60, 36, 180],
		[472, "U11_2", 1640.91, 1637.29, "B", "DIP", "GND", "GND", "C", 60, 60, 36, 180],
		[473, "U11_3", 1542.49, 1442.9, "T", "SMD", "$4N967", "", "O", 51.18, 173.23, 0, 180],
		[474, "U11_3", 1542.49, 1515.24, "T", "DIP", "$4N967", "", "C", 60, 60, 36, 180],
		[475, "U11_3", 1542.49, 1515.24, "B", "DIP", "$4N967", "", "C", 60, 60, 36, 180],
		[476, "U11_3", 1542.49, 1637.29, "T", "DIP", "$4N967", "", "C", 60, 60, 36, 180],
		[477, "U11_3", 1542.49, 1637.29, "B", "DIP", "$4N967", "", "C", 60, 60, 36, 180],
		[478, "U11_4", 1428.32, 1713.56, "T", "SMD", "GND", "GND", "O", 70.87, 151.57, 0, 180],
		[479, "U11_5", 1853.51, 1713.56, "T", "SMD", "GND", "GND", "O", 70.87, 151.57, 0, 180],
		[480, "U12_1", 1542.48, 359.07, "T", "SMD", "VCC_3V3", "", "O", 51.18, 173.23, 0, 0],
		[481, "U12_1", 1542.48, 290.67, "T", "DIP", "VCC_3V3", "", "C", 60, 60, 36, 0],
		[482, "U12_1", 1542.48, 290.67, "B", "DIP", "VCC_3V3", "", "C", 60, 60, 36, 0],
		[483, "U12_1", 1542.48, 164.68, "T", "DIP", "VCC_3V3", "", "C", 60, 60, 36, 0],
		[484, "U12_1", 1542.48, 164.68, "B", "DIP", "VCC_3V3", "", "C", 60, 60, 36, 0],
		[485, "U12_2", 1640.91, 359.07, "T", "SMD", "GND", "GND", "O", 51.18, 173.23, 0, 0],
		[486, "U12_2", 1640.91, 290.67, "T", "DIP", "GND", "GND", "C", 60, 60, 36, 0],
		[487, "U12_2", 1640.91, 290.67, "B", "DIP", "GND", "GND", "C", 60, 60, 36, 0],
		[488, "U12_2", 1640.91, 164.68, "T", "DIP", "GND", "GND", "C", 60, 60, 36, 0],
		[489, "U12_2", 1640.91, 164.68, "B", "DIP", "GND", "GND", "C", 60, 60, 36, 0],
		[490, "U12_3", 1739.33, 359.07, "T", "SMD", "$4N1500", "", "O", 51.18, 173.23, 0, 0],
		[491, "U12_3", 1739.33, 290.67, "T", "DIP", "$4N1500", "", "C", 60, 60, 36, 0],
		[492, "U12_3", 1739.33, 290.67, "B", "DIP", "$4N1500", "", "C", 60, 60, 36, 0],
		[493, "U12_3", 1739.33, 164.68, "T", "DIP", "$4N1500", "", "C", 60, 60, 36, 0],
		[494, "U12_3", 1739.33, 164.68, "B", "DIP", "$4N1500", "", "C", 60, 60, 36, 0],
		[495, "U12_4", 1853.5, 88.41, "T", "SMD", "GND", "GND", "O", 70.87, 151.57, 0, 0],
		[496, "U12_5", 1428.31, 88.41, "T", "SMD", "GND", "GND", "O", 70.87, 151.57, 0, 0],
		[497, "U13_1", 1364.61, 1293.97, "T", "SMD", "$3N2293", "", "O", 23.62, 62.99, 0, 180],
		[498, "U13_2", 1315.39, 1293.97, "T", "SMD", "$3N2292", "", "O", 23.62, 62.99, 0, 180],
		[499, "U13_3", 1467.95, 1416.02, "T", "SMD", "GND", "GND", "O", 78.74, 118.11, 0, 180],
		[500, "U13_4", 1212.05, 1416.02, "T", "SMD", "GND", "GND", "O", 78.74, 118.11, 0, 180],
		[501, "U14_1", 1399.61, 398.11, "T", "SMD", "VBAT", "", "O", 23.62, 62.99, 0, 180],
		[502, "U14_2", 1350.39, 398.11, "T", "SMD", "GND", "GND", "O", 23.62, 62.99, 0, 180],
		[503, "U14_3", 1502.95, 520.16, "T", "SMD", "GND", "GND", "O", 78.74, 118.11, 0, 180],
		[504, "U14_4", 1247.05, 520.16, "T", "SMD", "GND", "GND", "O", 78.74, 118.11, 0, 180],
		[505, "U15_1", 155.91, 1463.38, "T", "SMD", "GND", "GND", "O", 47.24, 29.53, 0, 90],
		[506, "U15_2", 116.54, 1463.38, "T", "SMD", "U15_2", "", "O", 47.24, 29.53, 0, 90],
		[507, "U15_3", 77.17, 1463.38, "T", "SMD", "IO5_WS", "", "O", 47.24, 29.53, 0, 90],
		[508, "U15_4", 37.8, 1463.38, "T", "SMD", "$3N9618", "", "O", 47.24, 29.53, 0, 90],
		[509, "U15_5", 37.8, 1388.58, "T", "SMD", "$3N9620", "", "O", 47.24, 29.53, 0, 90],
		[510, "U15_6", 77.17, 1388.58, "T", "SMD", "IO4_SCK", "", "O", 47.24, 29.53, 0, 90],
		[511, "U15_7", 116.54, 1388.58, "T", "SMD", "IO6_SD", "", "O", 47.24, 29.53, 0, 90],
		[512, "U15_8", 155.91, 1388.58, "T", "SMD", "VCC_3V3", "", "O", 47.24, 29.53, 0, 90]
	]
}
}